Filename,Size (Bytes),Day/Night,width,height
IMAG1741.JPG,1886371,Day,4000,3000
IMAG0147.JPG,2397123,Day,4000,3000
IMAG1244.JPG,2407049,Day,4000,3000
IMAG0129.JPG,2121316,Day,4000,3000
IMAG0019.JPG,2377784,Day,4000,3000
IMAG0931.JPG,2250334,Day,4000,3000
IMAG1142.JPG,2149251,Day,4000,3000
IMAG0723.JPG,2419267,Day,4000,3000
IMAG1379.JPG,2470470,Day,4000,3000
IMAG0825.JPG,2298052,Day,4000,3000
IMAG0175.JPG,2493824,Day,4000,3000
IMAG1056.JPG,2334087,Day,4000,3000
IMAG0470.JPG,2316708,Day,4000,3000
IMAG1679.JPG,1827238,Day,4000,3000
IMAG0782.JPG,1908013,Night,4000,3000
IMAG1514.JPG,2302001,Day,4000,3000
IMAG0528.JPG,2316799,Day,4000,3000
IMAG1639.JPG,2542074,Day,4000,3000
IMAG1060.JPG,2382075,Day,4000,3000
IMAG1308.JPG,2489786,Day,4000,3000
IMAG1408.JPG,2385847,Day,4000,3000
IMAG1493.JPG,2352906,Day,4000,3000
IMAG1749.JPG,1950149,Day,4000,3000
IMAG1923.JPG,1114604,Night,4000,3000
IMAG1626.JPG,1691970,Day,4000,3000
IMAG0606.JPG,2380235,Day,4000,3000
IMAG0875.JPG,2401192,Day,4000,3000
IMAG1698.JPG,1886619,Day,4000,3000
IMAG1864.JPG,2667544,Day,4000,3000
IMAG1092.JPG,1477636,Day,4000,3000
IMAG0978.JPG,2188532,Day,4000,3000
IMAG0795.JPG,2089885,Day,4000,3000
IMAG1456.JPG,2635626,Day,4000,3000
IMAG0391.JPG,2520035,Day,4000,3000
IMAG0253.JPG,2609807,Day,4000,3000
IMAG1740.JPG,1917062,Day,4000,3000
IMAG0038.JPG,2359074,Day,4000,3000
IMAG0881.JPG,2416175,Day,4000,3000
IMAG0862.JPG,2498345,Day,4000,3000
IMAG0713.JPG,2404749,Day,4000,3000
IMAG0530.JPG,2318201,Day,4000,3000
IMAG1333.JPG,2316192,Day,4000,3000
IMAG1277.JPG,2090804,Day,4000,3000
IMAG0873.JPG,2669832,Day,4000,3000
IMAG1533.JPG,2345764,Day,4000,3000
IMAG0185.JPG,2543175,Day,4000,3000
IMAG1931.JPG,1094475,Night,4000,3000
IMAG1916.JPG,1111765,Night,4000,3000
IMAG0930.JPG,2174722,Day,4000,3000
IMAG1055.JPG,2413985,Day,4000,3000
IMAG0776.JPG,2055285,Night,4000,3000
IMAG1780.JPG,1928481,Day,4000,3000
IMAG0356.JPG,2329226,Day,4000,3000
IMAG0058.JPG,2208412,Day,4000,3000
IMAG1721.JPG,1494116,Day,4000,3000
IMAG1231.JPG,2334643,Day,4000,3000
IMAG0616.JPG,2400358,Day,4000,3000
IMAG0675.JPG,2479388,Day,4000,3000
IMAG1172.JPG,2559118,Day,4000,3000
IMAG1615.JPG,2270499,Day,4000,3000
IMAG1764.JPG,1772975,Day,4000,3000
IMAG1471.JPG,2299544,Day,4000,3000
IMAG0210.JPG,2053717,Day,4000,3000
IMAG0156.JPG,2424088,Day,4000,3000
IMAG0983.JPG,2007827,Day,4000,3000
IMAG1520.JPG,2332348,Day,4000,3000
IMAG1058.JPG,2525838,Day,4000,3000
IMAG1973.JPG,1154896,Night,4000,3000
IMAG0164.JPG,2568089,Day,4000,3000
IMAG1195.JPG,2423440,Day,4000,3000
IMAG1469.JPG,2307454,Day,4000,3000
IMAG0763.JPG,1850889,Night,4000,3000
IMAG1569.JPG,2398463,Day,4000,3000
IMAG1120.JPG,1506037,Day,4000,3000
IMAG1656.JPG,2423241,Day,4000,3000
IMAG1078.JPG,2241217,Day,4000,3000
IMAG1765.JPG,1755025,Day,4000,3000
IMAG1403.JPG,2460537,Day,4000,3000
IMAG0884.JPG,1873009,Day,4000,3000
IMAG1951.JPG,1093229,Night,4000,3000
IMAG0599.JPG,2306391,Day,4000,3000
IMAG0241.JPG,2355933,Day,4000,3000
IMAG1522.JPG,2395288,Day,4000,3000
IMAG0774.JPG,2005881,Night,4000,3000
IMAG0917.JPG,2434531,Day,4000,3000
IMAG1221.JPG,2359892,Day,4000,3000
IMAG0315.JPG,2404187,Day,4000,3000
IMAG0227.JPG,2409410,Day,4000,3000
IMAG1489.JPG,2353441,Day,4000,3000
IMAG0360.JPG,2330764,Day,4000,3000
IMAG0007.JPG,2078662,Day,4000,3000
IMAG1674.JPG,1695622,Day,4000,3000
IMAG0061.JPG,2104522,Day,4000,3000
IMAG1049.JPG,2515627,Day,4000,3000
IMAG1588.JPG,2294889,Day,4000,3000
IMAG1913.JPG,1148569,Night,4000,3000
IMAG0346.JPG,2093190,Day,4000,3000
IMAG1755.JPG,1427659,Day,4000,3000
IMAG0635.JPG,2410421,Day,4000,3000
IMAG1047.JPG,2219560,Day,4000,3000
IMAG1189.JPG,2258806,Day,4000,3000
IMAG1116.JPG,1605262,Day,4000,3000
IMAG1629.JPG,1689366,Day,4000,3000
IMAG1217.JPG,2386124,Day,4000,3000
IMAG0974.JPG,2200240,Day,4000,3000
IMAG0842.JPG,1885357,Day,4000,3000
IMAG1405.JPG,2385704,Day,4000,3000
IMAG0307.JPG,2370619,Day,4000,3000
IMAG0967.JPG,2045632,Day,4000,3000
IMAG1455.JPG,2640584,Day,4000,3000
IMAG1551.JPG,2594911,Day,4000,3000
IMAG0689.JPG,2396179,Day,4000,3000
IMAG0060.JPG,2172060,Day,4000,3000
IMAG1316.JPG,2790115,Day,4000,3000
IMAG1566.JPG,2562700,Day,4000,3000
IMAG0122.JPG,2525190,Day,4000,3000
IMAG0847.JPG,2446189,Day,4000,3000
IMAG0628.JPG,2251611,Day,4000,3000
IMAG0916.JPG,2430350,Day,4000,3000
IMAG1029.JPG,2166325,Day,4000,3000
IMAG1594.JPG,1932296,Day,4000,3000
IMAG1875.JPG,2693077,Day,4000,3000
IMAG0278.JPG,2305518,Day,4000,3000
IMAG0912.JPG,2471723,Day,4000,3000
IMAG1986.JPG,984934,Day,4000,3000
IMAG1270.JPG,2322757,Day,4000,3000
IMAG0669.JPG,2368437,Day,4000,3000
IMAG0972.JPG,2112355,Day,4000,3000
IMAG1905.JPG,1084686,Night,4000,3000
IMAG0562.JPG,2338478,Day,4000,3000
IMAG1182.JPG,2197453,Day,4000,3000
IMAG0507.JPG,2415459,Day,4000,3000
IMAG1508.JPG,2319732,Day,4000,3000
IMAG0551.JPG,2456899,Day,4000,3000
IMAG0203.JPG,2593157,Day,4000,3000
IMAG1710.JPG,2085882,Day,4000,3000
IMAG0679.JPG,2572160,Day,4000,3000
IMAG0277.JPG,2317117,Day,4000,3000
IMAG0150.JPG,2338026,Day,4000,3000
IMAG1065.JPG,2355862,Day,4000,3000
IMAG0794.JPG,2081427,Day,4000,3000
IMAG1983.JPG,2493225,Day,4000,3000
IMAG0283.JPG,2272796,Day,4000,3000
IMAG1767.JPG,1719828,Day,4000,3000
IMAG0018.JPG,2372813,Day,4000,3000
IMAG1607.JPG,2284239,Day,4000,3000
IMAG0421.JPG,2419450,Day,4000,3000
IMAG1930.JPG,1098814,Night,4000,3000
IMAG0630.JPG,2254361,Day,4000,3000
IMAG0744.JPG,2544800,Day,4000,3000
IMAG1025.JPG,2192618,Day,4000,3000
IMAG0623.JPG,2342002,Day,4000,3000
IMAG1021.JPG,2156719,Day,4000,3000
IMAG0005.JPG,2019978,Day,4000,3000
IMAG0377.JPG,2297611,Day,4000,3000
IMAG0948.JPG,2142173,Day,4000,3000
IMAG0759.JPG,2483655,Day,4000,3000
IMAG1618.JPG,2313442,Day,4000,3000
IMAG1770.JPG,1806384,Day,4000,3000
IMAG1298.JPG,2663990,Day,4000,3000
IMAG1582.JPG,2289158,Day,4000,3000
IMAG0612.JPG,2304018,Day,4000,3000
IMAG0224.JPG,2429063,Day,4000,3000
IMAG1066.JPG,2270880,Day,4000,3000
IMAG0100.JPG,2418332,Day,4000,3000
IMAG1587.JPG,2445083,Day,4000,3000
IMAG0404.JPG,2515429,Day,4000,3000
IMAG1539.JPG,2366445,Day,4000,3000
IMAG0340.JPG,2251338,Day,4000,3000
IMAG0716.JPG,2451772,Day,4000,3000
IMAG0650.JPG,2244823,Day,4000,3000
IMAG1888.JPG,2437889,Day,4000,3000
IMAG1503.JPG,2315938,Day,4000,3000
IMAG0860.JPG,1263619,Night,4000,3000
IMAG0369.JPG,2253465,Day,4000,3000
IMAG0495.JPG,2449151,Day,4000,3000
IMAG0318.JPG,2350503,Day,4000,3000
IMAG0824.JPG,2218921,Day,4000,3000
IMAG1437.JPG,2479209,Day,4000,3000
IMAG1898.JPG,1165918,Night,4000,3000
IMAG1320.JPG,2573971,Day,4000,3000
IMAG0016.JPG,2339992,Day,4000,3000
IMAG1695.JPG,2001709,Day,4000,3000
IMAG0288.JPG,2280600,Day,4000,3000
IMAG0118.JPG,2063847,Day,4000,3000
IMAG1783.JPG,1292562,Day,4000,3000
IMAG0257.JPG,2624765,Day,4000,3000
IMAG0909.JPG,2383714,Day,4000,3000
IMAG0067.JPG,2459965,Day,4000,3000
IMAG0641.JPG,2482534,Day,4000,3000
IMAG0642.JPG,2475892,Day,4000,3000
IMAG0535.JPG,2370260,Day,4000,3000
IMAG0017.JPG,2354478,Day,4000,3000
IMAG1135.JPG,1551961,Day,4000,3000
IMAG1292.JPG,2419486,Day,4000,3000
IMAG0401.JPG,2524707,Day,4000,3000
IMAG1831.JPG,2324259,Day,4000,3000
IMAG1885.JPG,2323623,Day,4000,3000
IMAG0414.JPG,2350139,Day,4000,3000
IMAG0966.JPG,2114081,Day,4000,3000
IMAG1346.JPG,2466071,Day,4000,3000
IMAG1326.JPG,2638178,Day,4000,3000
IMAG0874.JPG,2402385,Day,4000,3000
IMAG0065.JPG,2447128,Day,4000,3000
IMAG0519.JPG,2355454,Day,4000,3000
IMAG0545.JPG,2430563,Day,4000,3000
IMAG1785.JPG,1447328,Day,4000,3000
IMAG0500.JPG,2389401,Day,4000,3000
IMAG0496.JPG,2319096,Day,4000,3000
IMAG0432.JPG,2279839,Day,4000,3000
IMAG1397.JPG,2708060,Day,4000,3000
IMAG1176.JPG,2201813,Day,4000,3000
IMAG1206.JPG,2441136,Day,4000,3000
IMAG0807.JPG,1949161,Day,4000,3000
IMAG1760.JPG,1748471,Day,4000,3000
IMAG1209.JPG,2507943,Day,4000,3000
IMAG0214.JPG,2418898,Day,4000,3000
IMAG1083.JPG,1889733,Day,4000,3000
IMAG1391.JPG,2644993,Day,4000,3000
IMAG0248.JPG,2153790,Day,4000,3000
IMAG1823.JPG,919801,Night,4000,3000
IMAG1919.JPG,1095746,Night,4000,3000
IMAG1473.JPG,2289472,Day,4000,3000
IMAG0363.JPG,2327708,Day,4000,3000
IMAG1812.JPG,2479559,Day,4000,3000
IMAG1239.JPG,2396331,Day,4000,3000
IMAG1322.JPG,2633596,Day,4000,3000
IMAG1524.JPG,2399132,Day,4000,3000
IMAG0279.JPG,2288692,Day,4000,3000
IMAG0145.JPG,2451453,Day,4000,3000
IMAG0652.JPG,2230658,Day,4000,3000
IMAG0448.JPG,2375877,Day,4000,3000
IMAG0742.JPG,2467374,Day,4000,3000
IMAG1573.JPG,2439767,Day,4000,3000
IMAG0494.JPG,2066369,Day,4000,3000
IMAG1849.JPG,2202388,Day,4000,3000
IMAG1859.JPG,2449222,Day,4000,3000
IMAG1192.JPG,2327809,Day,4000,3000
IMAG1202.JPG,2399186,Day,4000,3000
IMAG1836.JPG,2394713,Day,4000,3000
IMAG1407.JPG,2555065,Day,4000,3000
IMAG0015.JPG,2365520,Day,4000,3000
IMAG1989.JPG,899580,Day,4000,3000
IMAG0097.JPG,2392275,Day,4000,3000
IMAG0481.JPG,2231248,Day,4000,3000
IMAG1381.JPG,2329795,Day,4000,3000
IMAG1017.JPG,2186749,Day,4000,3000
IMAG1719.JPG,1499002,Day,4000,3000
IMAG1519.JPG,2279589,Day,4000,3000
IMAG0919.JPG,2378939,Day,4000,3000
IMAG0604.JPG,2241830,Day,4000,3000
IMAG0339.JPG,2378906,Day,4000,3000
IMAG0680.JPG,2589615,Day,4000,3000
IMAG0798.JPG,2562888,Day,4000,3000
IMAG0338.JPG,2377388,Day,4000,3000
IMAG0993.JPG,2297733,Day,4000,3000
IMAG1549.JPG,2445286,Day,4000,3000
IMAG1352.JPG,2478975,Day,4000,3000
IMAG0240.JPG,2476392,Day,4000,3000
IMAG0411.JPG,2399148,Day,4000,3000
IMAG1735.JPG,1985841,Day,4000,3000
IMAG1672.JPG,1683938,Day,4000,3000
IMAG0557.JPG,2380209,Day,4000,3000
IMAG0869.JPG,2644831,Day,4000,3000
IMAG0090.JPG,2467716,Day,4000,3000
IMAG0418.JPG,2428679,Day,4000,3000
IMAG0573.JPG,2504769,Day,4000,3000
IMAG1704.JPG,2256637,Day,4000,3000
IMAG1583.JPG,2436563,Day,4000,3000
IMAG0892.JPG,2358064,Day,4000,3000
IMAG1054.JPG,2455355,Day,4000,3000
IMAG1414.JPG,2522874,Day,4000,3000
IMAG1438.JPG,2473051,Day,4000,3000
IMAG1525.JPG,2395305,Day,4000,3000
IMAG1307.JPG,2512818,Day,4000,3000
IMAG1946.JPG,1108352,Night,4000,3000
IMAG0600.JPG,2283660,Day,4000,3000
IMAG1431.JPG,2397904,Day,4000,3000
IMAG0867.JPG,2109318,Day,4000,3000
IMAG0927.JPG,2400214,Day,4000,3000
IMAG0499.JPG,2275001,Day,4000,3000
IMAG0128.JPG,2072837,Day,4000,3000
IMAG0446.JPG,2351847,Day,4000,3000
IMAG0683.JPG,2389289,Day,4000,3000
IMAG0239.JPG,2447685,Day,4000,3000
IMAG0183.JPG,2532753,Day,4000,3000
IMAG1180.JPG,2170056,Day,4000,3000
IMAG1351.JPG,2480923,Day,4000,3000
IMAG0074.JPG,2471366,Day,4000,3000
IMAG0029.JPG,1910670,Day,4000,3000
IMAG1039.JPG,2178039,Day,4000,3000
IMAG1772.JPG,1821746,Day,4000,3000
IMAG0708.JPG,2374579,Day,4000,3000
IMAG0462.JPG,2444050,Day,4000,3000
IMAG1683.JPG,1926780,Day,4000,3000
IMAG1738.JPG,1893369,Day,4000,3000
IMAG0734.JPG,2473292,Day,4000,3000
IMAG1188.JPG,2269314,Day,4000,3000
IMAG1899.JPG,1103831,Night,4000,3000
IMAG1687.JPG,1783137,Day,4000,3000
IMAG1938.JPG,1097086,Night,4000,3000
IMAG1386.JPG,2734479,Day,4000,3000
IMAG1593.JPG,2164208,Day,4000,3000
IMAG0260.JPG,1762920,Day,4000,3000
IMAG0991.JPG,2260313,Day,4000,3000
IMAG1927.JPG,1103163,Night,4000,3000
IMAG0890.JPG,2499596,Day,4000,3000
IMAG1667.JPG,1557059,Day,4000,3000
IMAG0711.JPG,2393241,Day,4000,3000
IMAG1862.JPG,2196516,Day,4000,3000
IMAG1592.JPG,2173825,Day,4000,3000
IMAG1361.JPG,2387836,Day,4000,3000
IMAG0178.JPG,2530912,Day,4000,3000
IMAG1158.JPG,2425951,Day,4000,3000
IMAG0841.JPG,1842932,Day,4000,3000
IMAG0797.JPG,2534148,Day,4000,3000
IMAG0084.JPG,1261220,Night,4000,3000
IMAG0204.JPG,2588138,Day,4000,3000
IMAG1157.JPG,2428005,Day,4000,3000
IMAG1985.JPG,1308787,Day,4000,3000
IMAG0588.JPG,2448456,Day,4000,3000
IMAG0230.JPG,2422657,Day,4000,3000
IMAG0271.JPG,2269308,Day,4000,3000
IMAG1069.JPG,2324423,Day,4000,3000
IMAG0721.JPG,2421531,Day,4000,3000
IMAG1440.JPG,2459645,Day,4000,3000
IMAG0730.JPG,2460729,Day,4000,3000
IMAG1574.JPG,2428525,Day,4000,3000
IMAG1554.JPG,2342946,Day,4000,3000
IMAG0992.JPG,2141134,Day,4000,3000
IMAG1156.JPG,2430963,Day,4000,3000
IMAG0996.JPG,2328268,Day,4000,3000
IMAG1532.JPG,2300707,Day,4000,3000
IMAG1553.JPG,2375728,Day,4000,3000
IMAG1374.JPG,2511049,Day,4000,3000
IMAG1102.JPG,1492590,Day,4000,3000
IMAG0329.JPG,2372656,Day,4000,3000
IMAG1423.JPG,2314805,Day,4000,3000
IMAG0733.JPG,2471138,Day,4000,3000
IMAG1921.JPG,1121171,Night,4000,3000
IMAG0799.JPG,2469473,Day,4000,3000
IMAG1028.JPG,2173297,Day,4000,3000
IMAG1399.JPG,2596138,Day,4000,3000
IMAG0254.JPG,2649004,Day,4000,3000
IMAG0677.JPG,2544836,Day,4000,3000
IMAG1882.JPG,1594458,Day,4000,3000
IMAG0400.JPG,2524510,Day,4000,3000
IMAG0191.JPG,2580314,Day,4000,3000
IMAG0403.JPG,2519819,Day,4000,3000
IMAG1845.JPG,2268732,Day,4000,3000
IMAG0086.JPG,2500522,Day,4000,3000
IMAG1091.JPG,1482626,Day,4000,3000
IMAG1362.JPG,2417848,Day,4000,3000
IMAG0949.JPG,2252201,Day,4000,3000
IMAG0896.JPG,2387514,Day,4000,3000
IMAG1974.JPG,1152947,Night,4000,3000
IMAG1619.JPG,2529485,Day,4000,3000
IMAG1509.JPG,2321283,Day,4000,3000
IMAG1655.JPG,2399744,Day,4000,3000
IMAG1904.JPG,1085495,Night,4000,3000
IMAG1200.JPG,2416145,Day,4000,3000
IMAG1181.JPG,2161446,Day,4000,3000
IMAG0771.JPG,1958290,Night,4000,3000
IMAG0667.JPG,2290988,Day,4000,3000
IMAG1246.JPG,2420684,Day,4000,3000
IMAG1641.JPG,2643223,Day,4000,3000
IMAG0482.JPG,2254897,Day,4000,3000
IMAG0435.JPG,2303917,Day,4000,3000
IMAG0818.JPG,2064240,Day,4000,3000
IMAG1538.JPG,2365027,Day,4000,3000
IMAG1535.JPG,2362550,Day,4000,3000
IMAG0416.JPG,2314076,Day,4000,3000
IMAG1648.JPG,2610612,Day,4000,3000
IMAG1168.JPG,2565781,Day,4000,3000
IMAG0042.JPG,2014754,Day,4000,3000
IMAG1963.JPG,1135561,Night,4000,3000
IMAG0592.JPG,2233549,Day,4000,3000
IMAG0811.JPG,1970198,Day,4000,3000
IMAG0266.JPG,2288595,Day,4000,3000
IMAG0876.JPG,2466178,Day,4000,3000
IMAG0829.JPG,2451497,Day,4000,3000
IMAG1097.JPG,1497561,Day,4000,3000
IMAG0928.JPG,2074110,Day,4000,3000
IMAG0569.JPG,2477082,Day,4000,3000
IMAG0228.JPG,2407724,Day,4000,3000
IMAG1299.JPG,2666534,Day,4000,3000
IMAG1184.JPG,2225923,Day,4000,3000
IMAG1197.JPG,2420827,Day,4000,3000
IMAG1371.JPG,2499922,Day,4000,3000
IMAG0691.JPG,2414201,Day,4000,3000
IMAG1474.JPG,2296571,Day,4000,3000
IMAG1647.JPG,2385248,Day,4000,3000
IMAG1232.JPG,2342324,Day,4000,3000
IMAG1067.JPG,2268684,Day,4000,3000
IMAG1133.JPG,1477736,Day,4000,3000
IMAG0886.JPG,2417546,Day,4000,3000
IMAG0907.JPG,2376951,Day,4000,3000
IMAG1464.JPG,2495812,Day,4000,3000
IMAG0880.JPG,2418412,Day,4000,3000
IMAG1501.JPG,2315486,Day,4000,3000
IMAG0308.JPG,2359174,Day,4000,3000
IMAG0856.JPG,2507724,Day,4000,3000
IMAG0699.JPG,2446672,Day,4000,3000
IMAG0503.JPG,2559434,Day,4000,3000
IMAG1419.JPG,2383810,Day,4000,3000
IMAG1818.JPG,1813651,Day,4000,3000
IMAG1394.JPG,2653488,Day,4000,3000
IMAG1111.JPG,1499345,Day,4000,3000
IMAG0736.JPG,2385564,Day,4000,3000
IMAG0152.JPG,2485195,Day,4000,3000
IMAG1278.JPG,2298036,Day,4000,3000
IMAG1147.JPG,2291750,Day,4000,3000
IMAG1971.JPG,1154128,Night,4000,3000
IMAG0564.JPG,2411192,Day,4000,3000
IMAG0693.JPG,2500325,Day,4000,3000
IMAG1572.JPG,2418824,Day,4000,3000
IMAG0380.JPG,2227232,Day,4000,3000
IMAG1263.JPG,2318815,Day,4000,3000
IMAG1287.JPG,2444950,Day,4000,3000
IMAG1483.JPG,2482393,Day,4000,3000
IMAG0643.JPG,2279293,Day,4000,3000
IMAG1621.JPG,2403937,Day,4000,3000
IMAG0104.JPG,2393112,Day,4000,3000
IMAG0539.JPG,2443902,Day,4000,3000
IMAG1805.JPG,1726109,Day,4000,3000
IMAG1972.JPG,1165188,Night,4000,3000
IMAG0392.JPG,2518794,Day,4000,3000
IMAG0469.JPG,2278060,Day,4000,3000
IMAG0644.JPG,2269553,Day,4000,3000
IMAG1731.JPG,1743004,Day,4000,3000
IMAG0929.JPG,2029871,Day,4000,3000
IMAG0497.JPG,2322299,Day,4000,3000
IMAG1143.JPG,2101938,Day,4000,3000
IMAG1334.JPG,2325766,Day,4000,3000
IMAG1821.JPG,1767738,Day,4000,3000
IMAG0859.JPG,1267215,Night,4000,3000
IMAG1094.JPG,1463580,Day,4000,3000
IMAG0627.JPG,2348360,Day,4000,3000
IMAG0940.JPG,2164366,Day,4000,3000
IMAG1541.JPG,2508121,Day,4000,3000
IMAG0648.JPG,2257814,Day,4000,3000
IMAG1146.JPG,2066643,Day,4000,3000
IMAG0574.JPG,2401500,Day,4000,3000
IMAG0854.JPG,2453585,Day,4000,3000
IMAG1273.JPG,2255850,Day,4000,3000
IMAG1187.JPG,2079024,Day,4000,3000
IMAG1789.JPG,1567581,Day,4000,3000
IMAG1009.JPG,2270535,Day,4000,3000
IMAG1337.JPG,2366416,Day,4000,3000
IMAG0045.JPG,2309446,Day,4000,3000
IMAG0464.JPG,2583594,Day,4000,3000
IMAG0115.JPG,2244673,Day,4000,3000
IMAG1216.JPG,2380653,Day,4000,3000
IMAG0052.JPG,2243300,Day,4000,3000
IMAG0506.JPG,2418590,Day,4000,3000
IMAG0717.JPG,2461603,Day,4000,3000
IMAG1714.JPG,2112346,Day,4000,3000
IMAG1048.JPG,2479924,Day,4000,3000
IMAG1033.JPG,1987803,Day,4000,3000
IMAG0194.JPG,2580776,Day,4000,3000
IMAG0425.JPG,2295454,Day,4000,3000
IMAG1832.JPG,2343515,Day,4000,3000
IMAG0413.JPG,2308272,Day,4000,3000
IMAG0591.JPG,2148228,Day,4000,3000
IMAG0979.JPG,1676713,Day,4000,3000
IMAG1291.JPG,2637160,Day,4000,3000
IMAG0595.JPG,2271959,Day,4000,3000
IMAG1813.JPG,1945023,Day,4000,3000
IMAG1638.JPG,2463301,Day,4000,3000
IMAG0684.JPG,2519372,Day,4000,3000
IMAG1729.JPG,1872012,Day,4000,3000
IMAG1733.JPG,1920195,Day,4000,3000
IMAG1762.JPG,1788967,Day,4000,3000
IMAG0313.JPG,2361066,Day,4000,3000
IMAG0781.JPG,1911155,Night,4000,3000
IMAG1653.JPG,2574382,Day,4000,3000
IMAG1234.JPG,2355758,Day,4000,3000
IMAG1540.JPG,2374971,Day,4000,3000
IMAG0314.JPG,2396009,Day,4000,3000
IMAG0778.JPG,1950663,Night,4000,3000
IMAG1268.JPG,2327893,Day,4000,3000
IMAG1450.JPG,2614532,Day,4000,3000
IMAG1933.JPG,1086956,Night,4000,3000
IMAG0412.JPG,2241167,Day,4000,3000
IMAG1781.JPG,1913033,Day,4000,3000
IMAG1409.JPG,2383377,Day,4000,3000
IMAG0728.JPG,2429445,Day,4000,3000
IMAG0718.JPG,2449478,Day,4000,3000
IMAG0287.JPG,2283761,Day,4000,3000
IMAG0639.JPG,2491778,Day,4000,3000
IMAG1063.JPG,2325948,Day,4000,3000
IMAG1604.JPG,2393937,Day,4000,3000
IMAG1707.JPG,2358490,Day,4000,3000
IMAG1709.JPG,2096832,Day,4000,3000
IMAG0244.JPG,2360285,Day,4000,3000
IMAG0352.JPG,2278974,Day,4000,3000
IMAG1936.JPG,1098566,Night,4000,3000
IMAG1784.JPG,1377507,Day,4000,3000
IMAG0270.JPG,2413217,Day,4000,3000
IMAG0570.JPG,2504736,Day,4000,3000
IMAG0544.JPG,2449410,Day,4000,3000
IMAG0409.JPG,2397542,Day,4000,3000
IMAG0379.JPG,2303046,Day,4000,3000
IMAG1117.JPG,1520782,Day,4000,3000
IMAG1884.JPG,1856500,Day,4000,3000
IMAG1580.JPG,2450485,Day,4000,3000
IMAG0290.JPG,2321362,Day,4000,3000
IMAG1718.JPG,1497716,Day,4000,3000
IMAG1612.JPG,2184160,Day,4000,3000
IMAG1608.JPG,2275942,Day,4000,3000
IMAG1243.JPG,2404237,Day,4000,3000
IMAG1802.JPG,2361701,Day,4000,3000
IMAG0083.JPG,1265827,Night,4000,3000
IMAG0608.JPG,2207203,Day,4000,3000
IMAG1220.JPG,2346133,Day,4000,3000
IMAG0773.JPG,2009448,Night,4000,3000
IMAG0745.JPG,2523798,Day,4000,3000
IMAG1763.JPG,1780977,Day,4000,3000
IMAG1644.JPG,2339829,Day,4000,3000
IMAG1659.JPG,2372265,Day,4000,3000
IMAG1114.JPG,1612229,Day,4000,3000
IMAG1395.JPG,2660009,Day,4000,3000
IMAG1837.JPG,2245344,Day,4000,3000
IMAG1562.JPG,2225396,Day,4000,3000
IMAG0093.JPG,2447737,Day,4000,3000
IMAG0702.JPG,2514353,Day,4000,3000
IMAG1803.JPG,2357905,Day,4000,3000
IMAG0125.JPG,2339876,Day,4000,3000
IMAG0568.JPG,2487673,Day,4000,3000
IMAG0659.JPG,2046184,Day,4000,3000
IMAG1166.JPG,2566765,Day,4000,3000
IMAG0172.JPG,2510166,Day,4000,3000
IMAG0205.JPG,2591968,Day,4000,3000
IMAG1439.JPG,2400875,Day,4000,3000
IMAG1636.JPG,2436693,Day,4000,3000
IMAG0480.JPG,2472970,Day,4000,3000
IMAG1089.JPG,1439663,Day,4000,3000
IMAG0817.JPG,2075787,Day,4000,3000
IMAG1552.JPG,2421464,Day,4000,3000
IMAG1335.JPG,2319638,Day,4000,3000
IMAG1652.JPG,2575955,Day,4000,3000
IMAG1312.JPG,2512590,Day,4000,3000
IMAG0806.JPG,1839275,Day,4000,3000
IMAG0261.JPG,1739256,Day,4000,3000
IMAG1198.JPG,2463882,Day,4000,3000
IMAG0217.JPG,2393080,Day,4000,3000
IMAG1260.JPG,2316272,Day,4000,3000
IMAG1692.JPG,1912357,Day,4000,3000
IMAG0161.JPG,2451498,Day,4000,3000
IMAG1929.JPG,1166898,Night,4000,3000
IMAG1694.JPG,1939690,Day,4000,3000
IMAG0323.JPG,2302091,Day,4000,3000
IMAG1118.JPG,1521983,Day,4000,3000
IMAG0209.JPG,2056737,Day,4000,3000
IMAG0002.JPG,2121167,Day,4000,3000
IMAG0805.JPG,2086599,Day,4000,3000
IMAG1850.JPG,2197148,Day,4000,3000
IMAG1975.JPG,2257799,Day,4000,3000
IMAG1949.JPG,1088554,Night,4000,3000
IMAG1233.JPG,2329628,Day,4000,3000
IMAG1560.JPG,2451758,Day,4000,3000
IMAG0559.JPG,2472254,Day,4000,3000
IMAG0783.JPG,1905007,Night,4000,3000
IMAG1872.JPG,2663570,Day,4000,3000
IMAG1218.JPG,2435908,Day,4000,3000
IMAG0558.JPG,2375911,Day,4000,3000
IMAG1295.JPG,2518918,Day,4000,3000
IMAG1303.JPG,2592279,Day,4000,3000
IMAG0601.JPG,2266700,Day,4000,3000
IMAG0753.JPG,2462271,Day,4000,3000
IMAG0046.JPG,2530300,Day,4000,3000
IMAG1700.JPG,2133298,Day,4000,3000
IMAG1579.JPG,2454249,Day,4000,3000
IMAG0024.JPG,2467580,Day,4000,3000
IMAG1359.JPG,2319305,Day,4000,3000
IMAG1891.JPG,2358064,Day,4000,3000
IMAG0458.JPG,2483443,Day,4000,3000
IMAG0792.JPG,1899977,Day,4000,3000
IMAG1254.JPG,2346930,Day,4000,3000
IMAG0968.JPG,2040448,Day,4000,3000
IMAG1476.JPG,2297500,Day,4000,3000
IMAG1922.JPG,1114216,Night,4000,3000
IMAG0155.JPG,2421407,Day,4000,3000
IMAG1280.JPG,2370500,Day,4000,3000
IMAG1251.JPG,2399131,Day,4000,3000
IMAG1186.JPG,2182882,Day,4000,3000
IMAG0889.JPG,2502125,Day,4000,3000
IMAG0933.JPG,2246879,Day,4000,3000
IMAG0556.JPG,2320657,Day,4000,3000
IMAG0690.JPG,2424369,Day,4000,3000
IMAG1890.JPG,2490550,Day,4000,3000
IMAG0611.JPG,2306730,Day,4000,3000
IMAG1363.JPG,2434412,Day,4000,3000
IMAG1942.JPG,1098656,Night,4000,3000
IMAG1630.JPG,2601101,Day,4000,3000
IMAG0746.JPG,2513682,Day,4000,3000
IMAG1675.JPG,1871228,Day,4000,3000
IMAG1876.JPG,2597352,Day,4000,3000
IMAG1601.JPG,2236350,Day,4000,3000
IMAG1071.JPG,2315830,Day,4000,3000
IMAG1505.JPG,2313577,Day,4000,3000
IMAG0231.JPG,2417899,Day,4000,3000
IMAG1531.JPG,2310135,Day,4000,3000
IMAG0126.JPG,1554925,Day,4000,3000
IMAG0955.JPG,2137752,Day,4000,3000
IMAG0168.JPG,2580324,Day,4000,3000
IMAG0510.JPG,2422275,Day,4000,3000
IMAG1513.JPG,2301178,Day,4000,3000
IMAG0726.JPG,2452533,Day,4000,3000
IMAG0010.JPG,2271408,Day,4000,3000
IMAG1138.JPG,2163338,Day,4000,3000
IMAG0656.JPG,2229727,Day,4000,3000
IMAG1625.JPG,1691524,Day,4000,3000
IMAG0103.JPG,2394972,Day,4000,3000
IMAG0802.JPG,1710118,Day,4000,3000
IMAG1688.JPG,1957852,Day,4000,3000
IMAG0246.JPG,2500976,Day,4000,3000
IMAG1396.JPG,2727338,Day,4000,3000
IMAG1255.JPG,2334784,Day,4000,3000
IMAG0709.JPG,2375782,Day,4000,3000
IMAG1211.JPG,2457665,Day,4000,3000
IMAG1223.JPG,2271849,Day,4000,3000
IMAG1976.JPG,2489463,Day,4000,3000
IMAG1331.JPG,2344593,Day,4000,3000
IMAG0637.JPG,2498338,Day,4000,3000
IMAG1225.JPG,2257733,Day,4000,3000
IMAG1392.JPG,2644240,Day,4000,3000
IMAG0298.JPG,2459821,Day,4000,3000
IMAG0914.JPG,2411036,Day,4000,3000
IMAG1175.JPG,2237431,Day,4000,3000
IMAG0200.JPG,2614565,Day,4000,3000
IMAG1558.JPG,2458329,Day,4000,3000
IMAG0433.JPG,2297752,Day,4000,3000
IMAG1324.JPG,2618705,Day,4000,3000
IMAG1947.JPG,1106897,Night,4000,3000
IMAG1991.JPG,300394,Day,4000,3000
IMAG0622.JPG,2356257,Day,4000,3000
IMAG0786.JPG,1886146,Night,4000,3000
IMAG1745.JPG,1901237,Day,4000,3000
IMAG0550.JPG,2439301,Day,4000,3000
IMAG0965.JPG,2146375,Day,4000,3000
IMAG0603.JPG,2242741,Day,4000,3000
IMAG0358.JPG,2315241,Day,4000,3000
IMAG0947.JPG,2155799,Day,4000,3000
IMAG0646.JPG,2257675,Day,4000,3000
IMAG1858.JPG,2452952,Day,4000,3000
IMAG1769.JPG,1814014,Day,4000,3000
IMAG1174.JPG,2228823,Day,4000,3000
IMAG0451.JPG,2281024,Day,4000,3000
IMAG0687.JPG,1517274,Day,4000,3000
IMAG1461.JPG,2380409,Day,4000,3000
IMAG0490.JPG,2156982,Day,4000,3000
IMAG1597.JPG,1883794,Day,4000,3000
IMAG1087.JPG,1438165,Day,4000,3000
IMAG0563.JPG,2406237,Day,4000,3000
IMAG0174.JPG,2489132,Day,4000,3000
IMAG1502.JPG,2335578,Day,4000,3000
IMAG1369.JPG,2502027,Day,4000,3000
IMAG1677.JPG,1872494,Day,4000,3000
IMAG1851.JPG,2221385,Day,4000,3000
IMAG1453.JPG,2616169,Day,4000,3000
IMAG0977.JPG,2017512,Day,4000,3000
IMAG1228.JPG,2258719,Day,4000,3000
IMAG1126.JPG,1505813,Day,4000,3000
IMAG1548.JPG,2451633,Day,4000,3000
IMAG1306.JPG,2543970,Day,4000,3000
IMAG0775.JPG,2058592,Night,4000,3000
IMAG1226.JPG,2233791,Day,4000,3000
IMAG0531.JPG,2314353,Day,4000,3000
IMAG1512.JPG,2334370,Day,4000,3000
IMAG1309.JPG,2511278,Day,4000,3000
IMAG1227.JPG,2229948,Day,4000,3000
IMAG1914.JPG,1092099,Night,4000,3000
IMAG1771.JPG,1774476,Day,4000,3000
IMAG0328.JPG,2349686,Day,4000,3000
IMAG0450.JPG,2340021,Day,4000,3000
IMAG0080.JPG,1247181,Night,4000,3000
IMAG1727.JPG,1593758,Day,4000,3000
IMAG1699.JPG,2119656,Day,4000,3000
IMAG1720.JPG,1525441,Day,4000,3000
IMAG1173.JPG,2558016,Day,4000,3000
IMAG1565.JPG,2723882,Day,4000,3000
IMAG1758.JPG,1535378,Day,4000,3000
IMAG0354.JPG,2258642,Day,4000,3000
IMAG1155.JPG,2284334,Day,4000,3000
IMAG1932.JPG,1098555,Night,4000,3000
IMAG1230.JPG,2303190,Day,4000,3000
IMAG0670.JPG,2300222,Day,4000,3000
IMAG0705.JPG,2393674,Day,4000,3000
IMAG0064.JPG,2186416,Day,4000,3000
IMAG1125.JPG,1516383,Day,4000,3000
IMAG1073.JPG,2304967,Day,4000,3000
IMAG0077.JPG,1263516,Night,4000,3000
IMAG1799.JPG,2342163,Day,4000,3000
IMAG0725.JPG,2471261,Day,4000,3000
IMAG0264.JPG,2205680,Day,4000,3000
IMAG1163.JPG,2543640,Day,4000,3000
IMAG0489.JPG,2373313,Day,4000,3000
IMAG1962.JPG,1098875,Night,4000,3000
IMAG0445.JPG,2350749,Day,4000,3000
IMAG1090.JPG,1333964,Day,4000,3000
IMAG0459.JPG,2481750,Day,4000,3000
IMAG1275.JPG,2277157,Day,4000,3000
IMAG0703.JPG,2448931,Day,4000,3000
IMAG0571.JPG,2439809,Day,4000,3000
IMAG0196.JPG,2580307,Day,4000,3000
IMAG1736.JPG,1975670,Day,4000,3000
IMAG0422.JPG,2434159,Day,4000,3000
IMAG0119.JPG,1989044,Day,4000,3000
IMAG0964.JPG,2275065,Day,4000,3000
IMAG0518.JPG,2349117,Day,4000,3000
IMAG1870.JPG,2669856,Day,4000,3000
IMAG1282.JPG,2266737,Day,4000,3000
IMAG1911.JPG,1078946,Night,4000,3000
IMAG1279.JPG,2369197,Day,4000,3000
IMAG0729.JPG,2434119,Day,4000,3000
IMAG0853.JPG,2453494,Day,4000,3000
IMAG1713.JPG,2118054,Day,4000,3000
IMAG1015.JPG,2173431,Day,4000,3000
IMAG0273.JPG,2144474,Day,4000,3000
IMAG1171.JPG,2568342,Day,4000,3000
IMAG1623.JPG,2387513,Day,4000,3000
IMAG1527.JPG,2421893,Day,4000,3000
IMAG1345.JPG,2459958,Day,4000,3000
IMAG0365.JPG,2348362,Day,4000,3000
IMAG1703.JPG,2186323,Day,4000,3000
IMAG1706.JPG,2359015,Day,4000,3000
IMAG1358.JPG,2337831,Day,4000,3000
IMAG1782.JPG,1903943,Day,4000,3000
IMAG1682.JPG,1883221,Day,4000,3000
IMAG1445.JPG,965624,Day,4000,3000
IMAG1555.JPG,2349417,Day,4000,3000
IMAG1023.JPG,2175164,Day,4000,3000
IMAG0347.JPG,1996333,Day,4000,3000
IMAG1716.JPG,2215023,Day,4000,3000
IMAG0216.JPG,2469128,Day,4000,3000
IMAG1099.JPG,1484362,Day,4000,3000
IMAG1370.JPG,2497163,Day,4000,3000
IMAG0215.JPG,2432864,Day,4000,3000
IMAG1460.JPG,2389013,Day,4000,3000
IMAG0935.JPG,2220674,Day,4000,3000
IMAG1530.JPG,2492424,Day,4000,3000
IMAG0770.JPG,1965581,Night,4000,3000
IMAG1007.JPG,2248356,Day,4000,3000
IMAG1576.JPG,2385850,Day,4000,3000
IMAG1235.JPG,2358958,Day,4000,3000
IMAG0537.JPG,2489366,Day,4000,3000
IMAG0472.JPG,2404767,Day,4000,3000
IMAG0541.JPG,2392928,Day,4000,3000
IMAG1757.JPG,1463983,Day,4000,3000
IMAG1481.JPG,2483992,Day,4000,3000
IMAG1421.JPG,2336137,Day,4000,3000
IMAG0134.JPG,2530742,Day,4000,3000
IMAG0371.JPG,2205903,Day,4000,3000
IMAG0830.JPG,2324417,Day,4000,3000
IMAG0790.JPG,1975485,Day,4000,3000
IMAG1550.JPG,2440052,Day,4000,3000
IMAG0107.JPG,2401969,Day,4000,3000
IMAG1908.JPG,1084335,Night,4000,3000
IMAG1542.JPG,2457168,Day,4000,3000
IMAG0864.JPG,2493154,Day,4000,3000
IMAG1732.JPG,1899210,Day,4000,3000
IMAG1003.JPG,2098407,Day,4000,3000
IMAG1219.JPG,2335568,Day,4000,3000
IMAG1008.JPG,2247244,Day,4000,3000
IMAG1827.JPG,2333244,Day,4000,3000
IMAG0516.JPG,2263626,Day,4000,3000
IMAG0280.JPG,2295841,Day,4000,3000
IMAG1722.JPG,1522237,Day,4000,3000
IMAG0474.JPG,2366200,Day,4000,3000
IMAG0962.JPG,2144980,Day,4000,3000
IMAG1262.JPG,2307019,Day,4000,3000
IMAG0486.JPG,2081179,Day,4000,3000
IMAG1134.JPG,1539126,Day,4000,3000
IMAG0110.JPG,2406421,Day,4000,3000
IMAG0758.JPG,2473426,Day,4000,3000
IMAG0274.JPG,2271361,Day,4000,3000
IMAG1327.JPG,2347528,Day,4000,3000
IMAG0923.JPG,2346741,Day,4000,3000
IMAG0089.JPG,2469752,Day,4000,3000
IMAG0255.JPG,2667377,Day,4000,3000
IMAG1208.JPG,2508925,Day,4000,3000
IMAG1040.JPG,2163614,Day,4000,3000
IMAG1534.JPG,2369253,Day,4000,3000
IMAG1059.JPG,2508480,Day,4000,3000
IMAG1269.JPG,2315600,Day,4000,3000
IMAG0913.JPG,2421675,Day,4000,3000
IMAG1676.JPG,1874449,Day,4000,3000
IMAG1774.JPG,1923658,Day,4000,3000
IMAG1842.JPG,2245687,Day,4000,3000
IMAG0784.JPG,1892961,Night,4000,3000
IMAG0579.JPG,2354578,Day,4000,3000
IMAG1375.JPG,2678987,Day,4000,3000
IMAG1426.JPG,2304715,Day,4000,3000
IMAG1339.JPG,2399254,Day,4000,3000
IMAG1880.JPG,2607203,Day,4000,3000
IMAG1002.JPG,2036544,Day,4000,3000
IMAG1013.JPG,2178661,Day,4000,3000
IMAG0625.JPG,2357941,Day,4000,3000
IMAG1203.JPG,2406423,Day,4000,3000
IMAG0953.JPG,2128424,Day,4000,3000
IMAG0665.JPG,2289146,Day,4000,3000
IMAG0958.JPG,2119356,Day,4000,3000
IMAG0195.JPG,2565053,Day,4000,3000
IMAG1937.JPG,1163395,Night,4000,3000
IMAG1297.JPG,2548429,Day,4000,3000
IMAG1761.JPG,1722379,Day,4000,3000
IMAG1145.JPG,2067976,Day,4000,3000
IMAG0906.JPG,2348014,Day,4000,3000
IMAG0762.JPG,1803384,Night,4000,3000
IMAG1310.JPG,2509295,Day,4000,3000
IMAG1317.JPG,2621614,Day,4000,3000
IMAG1364.JPG,2432643,Day,4000,3000
IMAG0113.JPG,2271228,Day,4000,3000
IMAG0987.JPG,1906368,Day,4000,3000
IMAG1950.JPG,1092862,Night,4000,3000
IMAG0945.JPG,2158190,Day,4000,3000
IMAG1708.JPG,2084224,Day,4000,3000
IMAG0454.JPG,2433978,Day,4000,3000
IMAG1988.JPG,1522806,Day,4000,3000
IMAG0649.JPG,2245122,Day,4000,3000
IMAG0213.JPG,1899658,Day,4000,3000
IMAG1546.JPG,2451373,Day,4000,3000
IMAG0513.JPG,2363302,Day,4000,3000
IMAG0755.JPG,2421895,Day,4000,3000
IMAG0760.JPG,1855550,Night,4000,3000
IMAG1744.JPG,1893903,Day,4000,3000
IMAG1711.JPG,2091411,Day,4000,3000
IMAG0295.JPG,2497046,Day,4000,3000
IMAG0732.JPG,2458866,Day,4000,3000
IMAG1768.JPG,1849514,Day,4000,3000
IMAG1886.JPG,2446490,Day,4000,3000
IMAG1808.JPG,2515138,Day,4000,3000
IMAG1568.JPG,2400044,Day,4000,3000
IMAG0660.JPG,2163343,Day,4000,3000
IMAG0871.JPG,2574498,Day,4000,3000
IMAG1241.JPG,2388329,Day,4000,3000
IMAG1543.JPG,2460420,Day,4000,3000
IMAG0554.JPG,2451654,Day,4000,3000
IMAG1734.JPG,1957305,Day,4000,3000
IMAG0324.JPG,2260815,Day,4000,3000
IMAG0075.JPG,2511804,Day,4000,3000
IMAG0062.JPG,2328529,Day,4000,3000
IMAG1444.JPG,1190837,Day,4000,3000
IMAG1640.JPG,2568480,Day,4000,3000
IMAG1053.JPG,2494549,Day,4000,3000
IMAG1205.JPG,2444339,Day,4000,3000
IMAG0317.JPG,2352422,Day,4000,3000
IMAG1943.JPG,1094880,Night,4000,3000
IMAG0176.JPG,2491872,Day,4000,3000
IMAG0834.JPG,2319300,Day,4000,3000
IMAG0594.JPG,2235339,Day,4000,3000
IMAG1678.JPG,1839149,Day,4000,3000
IMAG1747.JPG,1887739,Day,4000,3000
IMAG1372.JPG,2500416,Day,4000,3000
IMAG1967.JPG,1137962,Night,4000,3000
IMAG1245.JPG,2419828,Day,4000,3000
IMAG0299.JPG,2438564,Day,4000,3000
IMAG1042.JPG,2136283,Day,4000,3000
IMAG0047.JPG,2377189,Day,4000,3000
IMAG0208.JPG,2054380,Day,4000,3000
IMAG0821.JPG,2229266,Day,4000,3000
IMAG0882.JPG,2416983,Day,4000,3000
IMAG1863.JPG,2287259,Day,4000,3000
IMAG1401.JPG,2508147,Day,4000,3000
IMAG0505.JPG,2422891,Day,4000,3000
IMAG0831.JPG,2508053,Day,4000,3000
IMAG1965.JPG,1143654,Night,4000,3000
IMAG1521.JPG,2404886,Day,4000,3000
IMAG0212.JPG,1885859,Day,4000,3000
IMAG1366.JPG,2498585,Day,4000,3000
IMAG1249.JPG,2438899,Day,4000,3000
IMAG0085.JPG,2500988,Day,4000,3000
IMAG0521.JPG,2360949,Day,4000,3000
IMAG0900.JPG,2387661,Day,4000,3000
IMAG0872.JPG,2668160,Day,4000,3000
IMAG0816.JPG,1963938,Day,4000,3000
IMAG1940.JPG,1091510,Night,4000,3000
IMAG0127.JPG,1986800,Day,4000,3000
IMAG1835.JPG,2394649,Day,4000,3000
IMAG1347.JPG,2486963,Day,4000,3000
IMAG1412.JPG,2324762,Day,4000,3000
IMAG0297.JPG,2360944,Day,4000,3000
IMAG1990.JPG,355728,Day,4000,3000
IMAG0282.JPG,2270384,Day,4000,3000
IMAG1100.JPG,1428990,Day,4000,3000
IMAG0844.JPG,1809314,Day,4000,3000
IMAG1895.JPG,2490367,Day,4000,3000
IMAG0754.JPG,2441458,Day,4000,3000
IMAG1194.JPG,2348169,Day,4000,3000
IMAG1449.JPG,1167880,Day,4000,3000
IMAG1787.JPG,1619636,Day,4000,3000
IMAG0114.JPG,2570699,Day,4000,3000
IMAG1786.JPG,1582115,Day,4000,3000
IMAG0950.JPG,2127178,Day,4000,3000
IMAG0801.JPG,2467014,Day,4000,3000
IMAG0008.JPG,2320126,Day,4000,3000
IMAG0073.JPG,2180446,Day,4000,3000
IMAG1966.JPG,1137907,Night,4000,3000
IMAG1804.JPG,1771124,Day,4000,3000
IMAG0410.JPG,2403528,Day,4000,3000
IMAG1130.JPG,1549012,Day,4000,3000
IMAG1756.JPG,1485307,Day,4000,3000
IMAG0540.JPG,2366618,Day,4000,3000
IMAG1075.JPG,2379118,Day,4000,3000
IMAG0695.JPG,2325403,Day,4000,3000
IMAG0903.JPG,2375637,Day,4000,3000
IMAG0043.JPG,2198348,Day,4000,3000
IMAG1900.JPG,1087788,Night,4000,3000
IMAG0672.JPG,2332902,Day,4000,3000
IMAG1250.JPG,2432863,Day,4000,3000
IMAG1670.JPG,1601048,Day,4000,3000
IMAG0590.JPG,2145740,Day,4000,3000
IMAG0021.JPG,2372859,Day,4000,3000
IMAG1451.JPG,2608671,Day,4000,3000
IMAG0843.JPG,1885812,Day,4000,3000
IMAG1702.JPG,2265953,Day,4000,3000
IMAG0668.JPG,2349030,Day,4000,3000
IMAG0321.JPG,2341005,Day,4000,3000
IMAG1906.JPG,1086039,Night,4000,3000
IMAG1952.JPG,1090938,Night,4000,3000
IMAG1642.JPG,2388787,Day,4000,3000
IMAG0894.JPG,2349968,Day,4000,3000
IMAG1724.JPG,1455205,Day,4000,3000
IMAG0372.JPG,2219342,Day,4000,3000
IMAG1027.JPG,2183408,Day,4000,3000
IMAG0444.JPG,2351287,Day,4000,3000
IMAG0567.JPG,2552893,Day,4000,3000
IMAG1840.JPG,2166959,Day,4000,3000
IMAG1689.JPG,1969405,Day,4000,3000
IMAG0334.JPG,2487099,Day,4000,3000
IMAG0325.JPG,2341770,Day,4000,3000
IMAG0158.JPG,2488030,Day,4000,3000
IMAG0740.JPG,2363608,Day,4000,3000
IMAG0309.JPG,2346191,Day,4000,3000
IMAG1272.JPG,2312380,Day,4000,3000
IMAG0532.JPG,2443590,Day,4000,3000
IMAG0614.JPG,2646599,Day,4000,3000
IMAG0598.JPG,2311037,Day,4000,3000
IMAG1650.JPG,2690835,Day,4000,3000
IMAG1557.JPG,2206788,Day,4000,3000
IMAG1204.JPG,2446707,Day,4000,3000
IMAG1462.JPG,2653720,Day,4000,3000
IMAG0833.JPG,2166784,Day,4000,3000
IMAG0891.JPG,2496817,Day,4000,3000
IMAG1301.JPG,2676825,Day,4000,3000
IMAG0430.JPG,2270969,Day,4000,3000
IMAG0701.JPG,2413056,Day,4000,3000
IMAG0566.JPG,2196718,Day,4000,3000
IMAG1129.JPG,1511216,Day,4000,3000
IMAG0463.JPG,2544378,Day,4000,3000
IMAG0138.JPG,2277302,Day,4000,3000
IMAG0832.JPG,2192849,Day,4000,3000
IMAG1109.JPG,1493532,Day,4000,3000
IMAG0143.JPG,2501896,Day,4000,3000
IMAG0053.JPG,2036509,Day,4000,3000
IMAG1660.JPG,2178605,Day,4000,3000
IMAG1766.JPG,1718013,Day,4000,3000
IMAG0707.JPG,2376738,Day,4000,3000
IMAG0682.JPG,2476591,Day,4000,3000
IMAG0838.JPG,2209928,Day,4000,3000
IMAG0232.JPG,2306353,Day,4000,3000
IMAG1665.JPG,1680758,Day,4000,3000
IMAG0449.JPG,2364501,Day,4000,3000
IMAG1778.JPG,1908916,Day,4000,3000
IMAG1153.JPG,2287841,Day,4000,3000
IMAG0985.JPG,2126333,Day,4000,3000
IMAG1690.JPG,1924313,Day,4000,3000
IMAG1529.JPG,2487682,Day,4000,3000
IMAG1846.JPG,2299074,Day,4000,3000
IMAG1609.JPG,2358321,Day,4000,3000
IMAG1281.JPG,2344365,Day,4000,3000
IMAG0686.JPG,1448533,Day,4000,3000
IMAG0344.JPG,2421366,Day,4000,3000
IMAG0135.JPG,2564799,Day,4000,3000
IMAG1010.JPG,1283554,Day,4000,3000
IMAG0748.JPG,2484786,Day,4000,3000
IMAG1151.JPG,1894513,Day,4000,3000
IMAG1945.JPG,1116369,Night,4000,3000
IMAG1441.JPG,2475639,Day,4000,3000
IMAG1595.JPG,1972044,Day,4000,3000
IMAG0561.JPG,2489775,Day,4000,3000
IMAG1611.JPG,2124188,Day,4000,3000
IMAG0296.JPG,2405664,Day,4000,3000
IMAG0681.JPG,2587013,Day,4000,3000
IMAG1480.JPG,2467463,Day,4000,3000
IMAG1085.JPG,1254532,Day,4000,3000
IMAG0351.JPG,2281895,Day,4000,3000
IMAG1754.JPG,1146928,Day,4000,3000
IMAG0849.JPG,2149382,Day,4000,3000
IMAG0091.JPG,2453982,Day,4000,3000
IMAG0997.JPG,2267402,Day,4000,3000
IMAG0975.JPG,2204242,Day,4000,3000
IMAG0676.JPG,2535520,Day,4000,3000
IMAG1643.JPG,2331404,Day,4000,3000
IMAG1385.JPG,2714419,Day,4000,3000
IMAG0793.JPG,1989052,Day,4000,3000
IMAG1121.JPG,1504362,Day,4000,3000
IMAG0326.JPG,2345311,Day,4000,3000
IMAG0148.JPG,2372484,Day,4000,3000
IMAG0477.JPG,2501429,Day,4000,3000
IMAG0197.JPG,2582338,Day,4000,3000
IMAG0810.JPG,2109615,Day,4000,3000
IMAG0004.JPG,1962814,Day,4000,3000
IMAG1014.JPG,2190623,Day,4000,3000
IMAG1377.JPG,2680460,Day,4000,3000
IMAG1470.JPG,2303911,Day,4000,3000
IMAG0193.JPG,2584985,Day,4000,3000
IMAG0954.JPG,2123391,Day,4000,3000
IMAG1305.JPG,2674791,Day,4000,3000
IMAG0631.JPG,2347345,Day,4000,3000
IMAG0076.JPG,1277127,Night,4000,3000
IMAG1296.JPG,2563941,Day,4000,3000
IMAG1693.JPG,1925855,Day,4000,3000
IMAG1794.JPG,2413199,Day,4000,3000
IMAG0632.JPG,2355593,Day,4000,3000
IMAG1355.JPG,2444472,Day,4000,3000
IMAG0169.JPG,2569485,Day,4000,3000
IMAG0368.JPG,2202002,Day,4000,3000
IMAG1806.JPG,1703838,Day,4000,3000
IMAG0332.JPG,2417034,Day,4000,3000
IMAG1242.JPG,2399564,Day,4000,3000
IMAG0082.JPG,1269420,Night,4000,3000
IMAG0219.JPG,2494210,Day,4000,3000
IMAG1746.JPG,1905544,Day,4000,3000
IMAG1338.JPG,2345574,Day,4000,3000
IMAG1567.JPG,2295646,Day,4000,3000
IMAG0123.JPG,2318003,Day,4000,3000
IMAG1457.JPG,2618372,Day,4000,3000
IMAG0515.JPG,2268194,Day,4000,3000
IMAG1222.JPG,2292040,Day,4000,3000
IMAG0063.JPG,2384261,Day,4000,3000
IMAG0088.JPG,2481511,Day,4000,3000
IMAG1717.JPG,1585912,Day,4000,3000
IMAG1856.JPG,2287191,Day,4000,3000
IMAG1436.JPG,2462171,Day,4000,3000
IMAG1811.JPG,2449304,Day,4000,3000
IMAG0542.JPG,2457646,Day,4000,3000
IMAG1077.JPG,2367265,Day,4000,3000
IMAG0980.JPG,1674164,Day,4000,3000
IMAG1691.JPG,1917705,Day,4000,3000
IMAG1236.JPG,2360387,Day,4000,3000
IMAG1465.JPG,2392403,Day,4000,3000
IMAG1454.JPG,2640036,Day,4000,3000
IMAG0226.JPG,2410567,Day,4000,3000
IMAG1925.JPG,1109423,Night,4000,3000
IMAG1430.JPG,2397712,Day,4000,3000
IMAG1212.JPG,2445990,Day,4000,3000
IMAG0522.JPG,2360934,Day,4000,3000
IMAG1752.JPG,1923133,Day,4000,3000
IMAG1651.JPG,2560409,Day,4000,3000
IMAG0767.JPG,1901666,Night,4000,3000
IMAG1148.JPG,2210278,Day,4000,3000
IMAG0447.JPG,2339198,Day,4000,3000
IMAG1654.JPG,2348759,Day,4000,3000
IMAG1447.JPG,1172607,Day,4000,3000
IMAG0990.JPG,2211842,Day,4000,3000
IMAG1793.JPG,2358317,Day,4000,3000
IMAG0027.JPG,2251430,Day,4000,3000
IMAG1052.JPG,2501447,Day,4000,3000
IMAG1167.JPG,2563454,Day,4000,3000
IMAG1830.JPG,2445322,Day,4000,3000
IMAG0944.JPG,2160006,Day,4000,3000
IMAG1185.JPG,2280123,Day,4000,3000
IMAG0787.JPG,1820500,Night,4000,3000
IMAG1486.JPG,2342825,Day,4000,3000
IMAG0406.JPG,2420444,Day,4000,3000
IMAG0865.JPG,2090748,Day,4000,3000
IMAG1964.JPG,1142206,Night,4000,3000
IMAG0011.JPG,2308100,Day,4000,3000
IMAG1300.JPG,2563573,Day,4000,3000
IMAG0491.JPG,2163697,Day,4000,3000
IMAG0553.JPG,2455273,Day,4000,3000
IMAG0520.JPG,2361991,Day,4000,3000
IMAG0362.JPG,2386166,Day,4000,3000
IMAG1824.JPG,966153,Night,4000,3000
IMAG1487.JPG,2346726,Day,4000,3000
IMAG0048.JPG,2306293,Day,4000,3000
IMAG0581.JPG,2312715,Day,4000,3000
IMAG1313.JPG,2595008,Day,4000,3000
IMAG1814.JPG,1932101,Day,4000,3000
IMAG0911.JPG,2462258,Day,4000,3000
IMAG0517.JPG,2326017,Day,4000,3000
IMAG0022.JPG,2470437,Day,4000,3000
IMAG0970.JPG,2040250,Day,4000,3000
IMAG0963.JPG,2144748,Day,4000,3000
IMAG0779.JPG,1943234,Night,4000,3000
IMAG0050.JPG,2379410,Day,4000,3000
IMAG0225.JPG,2428916,Day,4000,3000
IMAG1797.JPG,2630223,Day,4000,3000
IMAG1024.JPG,2195466,Day,4000,3000
IMAG0337.JPG,2427787,Day,4000,3000
IMAG1035.JPG,2277193,Day,4000,3000
IMAG1887.JPG,2397417,Day,4000,3000
IMAG0589.JPG,2189474,Day,4000,3000
IMAG1968.JPG,1144254,Night,4000,3000
IMAG1057.JPG,2534003,Day,4000,3000
IMAG0384.JPG,2231156,Day,4000,3000
IMAG0674.JPG,2462368,Day,4000,3000
IMAG0908.JPG,2374217,Day,4000,3000
IMAG1575.JPG,2425416,Day,4000,3000
IMAG0387.JPG,2366200,Day,4000,3000
IMAG1467.JPG,2311288,Day,4000,3000
IMAG1418.JPG,2386783,Day,4000,3000
IMAG1479.JPG,2346244,Day,4000,3000
IMAG1935.JPG,1149280,Night,4000,3000
IMAG1603.JPG,2358441,Day,4000,3000
IMAG0101.JPG,2410189,Day,4000,3000
IMAG0144.JPG,2503535,Day,4000,3000
IMAG1214.JPG,2534537,Day,4000,3000
IMAG0402.JPG,2520516,Day,4000,3000
IMAG0585.JPG,2311476,Day,4000,3000
IMAG0984.JPG,1978625,Day,4000,3000
IMAG0267.JPG,2443286,Day,4000,3000
IMAG0301.JPG,2398252,Day,4000,3000
IMAG1484.JPG,2482949,Day,4000,3000
IMAG1318.JPG,2564093,Day,4000,3000
IMAG1820.JPG,1777394,Day,4000,3000
IMAG0706.JPG,2368415,Day,4000,3000
IMAG1193.JPG,2335280,Day,4000,3000
IMAG1622.JPG,2400447,Day,4000,3000
IMAG1485.JPG,2488889,Day,4000,3000
IMAG0166.JPG,2590328,Day,4000,3000
IMAG1348.JPG,2475186,Day,4000,3000
IMAG0826.JPG,2312551,Day,4000,3000
IMAG0237.JPG,2103424,Day,4000,3000
IMAG1079.JPG,2238698,Day,4000,3000
IMAG1170.JPG,2553328,Day,4000,3000
IMAG0678.JPG,2558773,Day,4000,3000
IMAG1276.JPG,2065943,Day,4000,3000
IMAG0153.JPG,2484499,Day,4000,3000
IMAG1332.JPG,2327177,Day,4000,3000
IMAG1061.JPG,2379401,Day,4000,3000
IMAG0457.JPG,2487280,Day,4000,3000
IMAG1144.JPG,1967971,Day,4000,3000
IMAG0712.JPG,2402348,Day,4000,3000
IMAG1314.JPG,2591640,Day,4000,3000
IMAG1881.JPG,2605931,Day,4000,3000
IMAG1141.JPG,2239586,Day,4000,3000
IMAG0023.JPG,2467383,Day,4000,3000
IMAG1466.JPG,2307751,Day,4000,3000
IMAG1536.JPG,2373071,Day,4000,3000
IMAG0133.JPG,2430610,Day,4000,3000
IMAG1006.JPG,2182427,Day,4000,3000
IMAG0960.JPG,2130777,Day,4000,3000
IMAG1852.JPG,2291417,Day,4000,3000
IMAG1750.JPG,1869920,Day,4000,3000
IMAG1834.JPG,2373762,Day,4000,3000
IMAG0057.JPG,2161460,Day,4000,3000
IMAG0109.JPG,2411166,Day,4000,3000
IMAG0177.JPG,2495893,Day,4000,3000
IMAG0629.JPG,2091730,Day,4000,3000
IMAG0070.JPG,2406372,Day,4000,3000
IMAG1420.JPG,2371092,Day,4000,3000
IMAG1432.JPG,2426441,Day,4000,3000
IMAG0439.JPG,2358035,Day,4000,3000
IMAG0722.JPG,2420941,Day,4000,3000
IMAG1664.JPG,1580607,Day,4000,3000
IMAG0761.JPG,1823687,Night,4000,3000
IMAG0140.JPG,2465169,Day,4000,3000
IMAG0636.JPG,2414567,Day,4000,3000
IMAG0576.JPG,2399647,Day,4000,3000
IMAG1843.JPG,2253570,Day,4000,3000
IMAG0492.JPG,2161300,Day,4000,3000
IMAG1341.JPG,2403973,Day,4000,3000
IMAG1302.JPG,2676117,Day,4000,3000
IMAG0523.JPG,2320232,Day,4000,3000
IMAG1801.JPG,2368134,Day,4000,3000
IMAG1082.JPG,1894938,Day,4000,3000
IMAG0429.JPG,2290401,Day,4000,3000
IMAG1179.JPG,2176892,Day,4000,3000
IMAG0939.JPG,2230941,Day,4000,3000
IMAG0548.JPG,2414994,Day,4000,3000
IMAG0256.JPG,2546885,Day,4000,3000
IMAG1941.JPG,1092494,Night,4000,3000
IMAG1463.JPG,2499795,Day,4000,3000
IMAG1748.JPG,1926818,Day,4000,3000
IMAG1673.JPG,1694340,Day,4000,3000
IMAG0645.JPG,2270381,Day,4000,3000
IMAG1928.JPG,1100901,Night,4000,3000
IMAG1328.JPG,2330286,Day,4000,3000
IMAG0041.JPG,1880066,Day,4000,3000
IMAG0583.JPG,2298235,Day,4000,3000
IMAG1841.JPG,2251931,Day,4000,3000
IMAG1977.JPG,2517661,Day,4000,3000
IMAG1577.JPG,2383415,Day,4000,3000
IMAG0488.JPG,2373074,Day,4000,3000
IMAG0473.JPG,2388542,Day,4000,3000
IMAG0861.JPG,1288511,Night,4000,3000
IMAG0479.JPG,2474420,Day,4000,3000
IMAG0223.JPG,2431363,Day,4000,3000
IMAG0634.JPG,2394565,Day,4000,3000
IMAG0572.JPG,2375885,Day,4000,3000
IMAG1969.JPG,1166288,Night,4000,3000
IMAG0768.JPG,1901945,Night,4000,3000
IMAG0102.JPG,2405266,Day,4000,3000
IMAG0319.JPG,2322695,Day,4000,3000
IMAG0427.JPG,2274987,Day,4000,3000
IMAG0879.JPG,2042037,Day,4000,3000
IMAG0582.JPG,2323197,Day,4000,3000
IMAG0330.JPG,2378646,Day,4000,3000
IMAG0508.JPG,2438149,Day,4000,3000
IMAG1681.JPG,1861280,Day,4000,3000
IMAG0848.JPG,2182015,Day,4000,3000
IMAG0959.JPG,2138096,Day,4000,3000
IMAG0407.JPG,2413567,Day,4000,3000
IMAG1979.JPG,2510168,Day,4000,3000
IMAG1596.JPG,1876362,Day,4000,3000
IMAG0079.JPG,1244571,Night,4000,3000
IMAG0146.JPG,2388637,Day,4000,3000
IMAG0584.JPG,2302135,Day,4000,3000
IMAG0292.JPG,2480501,Day,4000,3000
IMAG1616.JPG,2294827,Day,4000,3000
IMAG0037.JPG,2324016,Day,4000,3000
IMAG0651.JPG,2224338,Day,4000,3000
IMAG0408.JPG,2394142,Day,4000,3000
IMAG1482.JPG,2506385,Day,4000,3000
IMAG0420.JPG,2436284,Day,4000,3000
IMAG0747.JPG,2509329,Day,4000,3000
IMAG1701.JPG,2135364,Day,4000,3000
IMAG0442.JPG,2358594,Day,4000,3000
IMAG0621.JPG,2349538,Day,4000,3000
IMAG1424.JPG,2310585,Day,4000,3000
IMAG1490.JPG,2387055,Day,4000,3000
IMAG1050.JPG,2518409,Day,4000,3000
IMAG0014.JPG,2351511,Day,4000,3000
IMAG0769.JPG,1970112,Night,4000,3000
IMAG1191.JPG,2353661,Day,4000,3000
IMAG1492.JPG,2349845,Day,4000,3000
IMAG0484.JPG,2051318,Day,4000,3000
IMAG0132.JPG,2031992,Day,4000,3000
IMAG1149.JPG,2126827,Day,4000,3000
IMAG1064.JPG,2321963,Day,4000,3000
IMAG1815.JPG,1941615,Day,4000,3000
IMAG0320.JPG,2338278,Day,4000,3000
IMAG0704.JPG,2425329,Day,4000,3000
IMAG0189.JPG,2578901,Day,4000,3000
IMAG0952.JPG,2133845,Day,4000,3000
IMAG1261.JPG,2328833,Day,4000,3000
IMAG0534.JPG,2453098,Day,4000,3000
IMAG0524.JPG,2299880,Day,4000,3000
IMAG1131.JPG,1556400,Day,4000,3000
IMAG0289.JPG,2334085,Day,4000,3000
IMAG1004.JPG,2201123,Day,4000,3000
IMAG1715.JPG,2085821,Day,4000,3000
IMAG0868.JPG,2648095,Day,4000,3000
IMAG0920.JPG,2397112,Day,4000,3000
IMAG0367.JPG,2253350,Day,4000,3000
IMAG1258.JPG,2301489,Day,4000,3000
IMAG1422.JPG,2325342,Day,4000,3000
IMAG0263.JPG,2204684,Day,4000,3000
IMAG0399.JPG,2521116,Day,4000,3000
IMAG1866.JPG,2660032,Day,4000,3000
IMAG0514.JPG,2279700,Day,4000,3000
IMAG1062.JPG,2375848,Day,4000,3000
IMAG1790.JPG,1522123,Day,4000,3000
IMAG1671.JPG,1604853,Day,4000,3000
IMAG1285.JPG,2176719,Day,4000,3000
IMAG0098.JPG,2407391,Day,4000,3000
IMAG0383.JPG,2223325,Day,4000,3000
IMAG0452.JPG,2207780,Day,4000,3000
IMAG1434.JPG,2429130,Day,4000,3000
IMAG1742.JPG,1884693,Day,4000,3000
IMAG0527.JPG,2316719,Day,4000,3000
IMAG0051.JPG,2164096,Day,4000,3000
IMAG0461.JPG,2446234,Day,4000,3000
IMAG1400.JPG,2496133,Day,4000,3000
IMAG0349.JPG,2250946,Day,4000,3000
IMAG0887.JPG,2415308,Day,4000,3000
IMAG0476.JPG,2346123,Day,4000,3000
IMAG1098.JPG,1486189,Day,4000,3000
IMAG0268.JPG,2381024,Day,4000,3000
IMAG1517.JPG,2331067,Day,4000,3000
IMAG1822.JPG,841696,Night,4000,3000
IMAG1909.JPG,1085884,Night,4000,3000
IMAG1160.JPG,2394028,Day,4000,3000
IMAG1074.JPG,2291601,Day,4000,3000
IMAG0375.JPG,2253565,Day,4000,3000
IMAG1556.JPG,2297630,Day,4000,3000
IMAG0378.JPG,2265050,Day,4000,3000
IMAG1598.JPG,2031622,Day,4000,3000
IMAG0355.JPG,2307564,Day,4000,3000
IMAG1496.JPG,2342740,Day,4000,3000
IMAG1036.JPG,2224952,Day,4000,3000
IMAG1215.JPG,2527991,Day,4000,3000
IMAG0438.JPG,2303619,Day,4000,3000
IMAG1020.JPG,2149409,Day,4000,3000
IMAG0099.JPG,2368684,Day,4000,3000
IMAG0765.JPG,1825954,Night,4000,3000
IMAG1605.JPG,2390072,Day,4000,3000
IMAG0437.JPG,2307938,Day,4000,3000
IMAG0137.JPG,2079804,Day,4000,3000
IMAG0466.JPG,2344459,Day,4000,3000
IMAG0455.JPG,2562251,Day,4000,3000
IMAG1515.JPG,2316846,Day,4000,3000
IMAG1164.JPG,2590932,Day,4000,3000
IMAG1669.JPG,1589190,Day,4000,3000
IMAG0293.JPG,2476001,Day,4000,3000
IMAG0688.JPG,2379423,Day,4000,3000
IMAG1984.JPG,1906795,Day,4000,3000
IMAG1046.JPG,2158351,Day,4000,3000
IMAG1304.JPG,2606293,Day,4000,3000
IMAG0003.JPG,2120272,Day,4000,3000
IMAG0300.JPG,2425867,Day,4000,3000
IMAG0526.JPG,2311884,Day,4000,3000
IMAG1614.JPG,2224062,Day,4000,3000
IMAG1833.JPG,2280725,Day,4000,3000
IMAG1041.JPG,2156575,Day,4000,3000
IMAG0180.JPG,2544945,Day,4000,3000
IMAG1286.JPG,2446277,Day,4000,3000
IMAG0385.JPG,2285189,Day,4000,3000
IMAG1878.JPG,2577789,Day,4000,3000
IMAG0618.JPG,2379910,Day,4000,3000
IMAG1259.JPG,2301275,Day,4000,3000
IMAG0163.JPG,2194492,Day,4000,3000
IMAG0999.JPG,2130658,Day,4000,3000
IMAG0305.JPG,2484293,Day,4000,3000
IMAG0575.JPG,2398570,Day,4000,3000
IMAG0364.JPG,2391244,Day,4000,3000
IMAG0764.JPG,1832527,Night,4000,3000
IMAG0878.JPG,2051766,Day,4000,3000
IMAG0714.JPG,2577049,Day,4000,3000
IMAG0130.JPG,2066598,Day,4000,3000
IMAG1373.JPG,2503591,Day,4000,3000
IMAG1274.JPG,2156365,Day,4000,3000
IMAG1095.JPG,1470610,Day,4000,3000
IMAG1368.JPG,2506837,Day,4000,3000
IMAG0276.JPG,2303969,Day,4000,3000
IMAG0483.JPG,2260707,Day,4000,3000
IMAG1132.JPG,1480986,Day,4000,3000
IMAG1867.JPG,1230000,Night,4000,3000
IMAG1019.JPG,2151754,Day,4000,3000
IMAG0192.JPG,2574892,Day,4000,3000
IMAG1183.JPG,2265286,Day,4000,3000
IMAG1101.JPG,1464148,Day,4000,3000
IMAG0546.JPG,2339138,Day,4000,3000
IMAG0311.JPG,2346402,Day,4000,3000
IMAG0247.JPG,2473119,Day,4000,3000
IMAG0815.JPG,1954675,Day,4000,3000
IMAG0456.JPG,2593738,Day,4000,3000
IMAG0049.JPG,2381023,Day,4000,3000
IMAG0752.JPG,2464125,Day,4000,3000
IMAG0552.JPG,2464050,Day,4000,3000
IMAG0434.JPG,2443749,Day,4000,3000
IMAG1376.JPG,2678607,Day,4000,3000
IMAG1970.JPG,1163196,Night,4000,3000
IMAG0971.JPG,2066415,Day,4000,3000
IMAG1954.JPG,1105556,Night,4000,3000
IMAG1860.JPG,2447017,Day,4000,3000
IMAG0333.JPG,2432830,Day,4000,3000
IMAG0149.JPG,2351159,Day,4000,3000
IMAG0487.JPG,2515145,Day,4000,3000
IMAG0306.JPG,2458673,Day,4000,3000
IMAG1289.JPG,2311564,Day,4000,3000
IMAG0423.JPG,2429931,Day,4000,3000
IMAG0885.JPG,2091831,Day,4000,3000
IMAG1627.JPG,1692130,Day,4000,3000
IMAG0173.JPG,2506490,Day,4000,3000
IMAG1617.JPG,2328667,Day,4000,3000
IMAG1776.JPG,1890785,Day,4000,3000
IMAG0724.JPG,2477243,Day,4000,3000
IMAG1104.JPG,1490546,Day,4000,3000
IMAG1504.JPG,2311423,Day,4000,3000
IMAG0560.JPG,2482539,Day,4000,3000
IMAG0373.JPG,2260437,Day,4000,3000
IMAG1106.JPG,1490623,Day,4000,3000
IMAG1340.JPG,2400395,Day,4000,3000
IMAG1847.JPG,2293329,Day,4000,3000
IMAG1165.JPG,2561357,Day,4000,3000
IMAG0943.JPG,2173094,Day,4000,3000
IMAG1600.JPG,2218613,Day,4000,3000
IMAG1839.JPG,2289927,Day,4000,3000
IMAG1668.JPG,1570760,Day,4000,3000
IMAG0234.JPG,2346028,Day,4000,3000
IMAG1889.JPG,2487143,Day,4000,3000
IMAG0157.JPG,2469518,Day,4000,3000
IMAG1122.JPG,1505206,Day,4000,3000
IMAG0056.JPG,2154793,Day,4000,3000
IMAG0443.JPG,2354656,Day,4000,3000
IMAG0211.JPG,1903201,Day,4000,3000
IMAG1685.JPG,1855612,Day,4000,3000
IMAG1425.JPG,2314355,Day,4000,3000
IMAG1585.JPG,2450866,Day,4000,3000
IMAG0823.JPG,2124226,Day,4000,3000
IMAG1011.JPG,331841,Day,4000,3000
IMAG0858.JPG,2562871,Day,4000,3000
IMAG0453.JPG,2324229,Day,4000,3000
IMAG0167.JPG,2587997,Day,4000,3000
IMAG1500.JPG,2308194,Day,4000,3000
IMAG1448.JPG,1171769,Day,4000,3000
IMAG1737.JPG,1981038,Day,4000,3000
IMAG0006.JPG,1729773,Day,4000,3000
IMAG0661.JPG,2323140,Day,4000,3000
IMAG1825.JPG,2368123,Day,4000,3000
IMAG0165.JPG,2575009,Day,4000,3000
IMAG1349.JPG,2473981,Day,4000,3000
IMAG1649.JPG,2521750,Day,4000,3000
IMAG0335.JPG,2495670,Day,4000,3000
IMAG1873.JPG,2686884,Day,4000,3000
IMAG1477.JPG,2333824,Day,4000,3000
IMAG0800.JPG,2467891,Day,4000,3000
IMAG0096.JPG,2175629,Day,4000,3000
IMAG0071.JPG,2403979,Day,4000,3000
IMAG0190.JPG,2580203,Day,4000,3000
IMAG0012.JPG,2323945,Day,4000,3000
IMAG0094.JPG,2180165,Day,4000,3000
IMAG1410.JPG,2377830,Day,4000,3000
IMAG1788.JPG,1616782,Day,4000,3000
IMAG1809.JPG,2516857,Day,4000,3000
IMAG1759.JPG,1759672,Day,4000,3000
IMAG0941.JPG,2104149,Day,4000,3000
IMAG1294.JPG,2707197,Day,4000,3000
IMAG0673.JPG,2486442,Day,4000,3000
IMAG0303.JPG,2361460,Day,4000,3000
IMAG1388.JPG,2670626,Day,4000,3000
IMAG0468.JPG,2423701,Day,4000,3000
IMAG0187.JPG,2547590,Day,4000,3000
IMAG0578.JPG,2335366,Day,4000,3000
IMAG0181.JPG,2702440,Day,4000,3000
IMAG0055.JPG,2088769,Day,4000,3000
IMAG1119.JPG,1515286,Day,4000,3000
IMAG0112.JPG,2255893,Day,4000,3000
IMAG1901.JPG,1084467,Night,4000,3000
IMAG0715.JPG,2448028,Day,4000,3000
IMAG1357.JPG,2365667,Day,4000,3000
IMAG0658.JPG,2104406,Day,4000,3000
IMAG0238.JPG,2371237,Day,4000,3000
IMAG0951.JPG,2115250,Day,4000,3000
IMAG1606.JPG,2313643,Day,4000,3000
IMAG1108.JPG,1480709,Day,4000,3000
IMAG1384.JPG,2699251,Day,4000,3000
IMAG1026.JPG,2189137,Day,4000,3000
IMAG1982.JPG,2492929,Day,4000,3000
IMAG1350.JPG,2472085,Day,4000,3000
IMAG1570.JPG,2359825,Day,4000,3000
IMAG0471.JPG,2398600,Day,4000,3000
IMAG1564.JPG,2540607,Day,4000,3000
IMAG0285.JPG,2267074,Day,4000,3000
IMAG0294.JPG,2478501,Day,4000,3000
IMAG0026.JPG,2252126,Day,4000,3000
IMAG1161.JPG,2351119,Day,4000,3000
IMAG1730.JPG,1779286,Day,4000,3000
IMAG0998.JPG,2155917,Day,4000,3000
IMAG1773.JPG,1877829,Day,4000,3000
IMAG1411.JPG,2357527,Day,4000,3000
IMAG1545.JPG,2469421,Day,4000,3000
IMAG0934.JPG,2219008,Day,4000,3000
IMAG0162.JPG,2457427,Day,4000,3000
IMAG1159.JPG,2474343,Day,4000,3000
IMAG0845.JPG,1843964,Day,4000,3000
IMAG0272.JPG,2172065,Day,4000,3000
IMAG1897.JPG,1255097,Night,4000,3000
IMAG0982.JPG,1995749,Day,4000,3000
IMAG1140.JPG,2048123,Day,4000,3000
IMAG1238.JPG,2366624,Day,4000,3000
IMAG0804.JPG,1712369,Day,4000,3000
IMAG1725.JPG,1517129,Day,4000,3000
IMAG0961.JPG,2146675,Day,4000,3000
IMAG0538.JPG,2457673,Day,4000,3000
IMAG1139.JPG,2137820,Day,4000,3000
IMAG1663.JPG,1534807,Day,4000,3000
IMAG0081.JPG,1242346,Night,4000,3000
IMAG0202.JPG,2606361,Day,4000,3000
IMAG0235.JPG,2459321,Day,4000,3000
IMAG0617.JPG,2407276,Day,4000,3000
IMAG0441.JPG,2330142,Day,4000,3000
IMAG0116.JPG,2066066,Day,4000,3000
IMAG0426.JPG,2269508,Day,4000,3000
IMAG1959.JPG,1100903,Night,4000,3000
IMAG0976.JPG,2150699,Day,4000,3000
IMAG1926.JPG,1104706,Night,4000,3000
IMAG0345.JPG,2231502,Day,4000,3000
IMAG0370.JPG,2255304,Day,4000,3000
IMAG1336.JPG,2353005,Day,4000,3000
IMAG1637.JPG,2463129,Day,4000,3000
IMAG1871.JPG,2669423,Day,4000,3000
IMAG0341.JPG,2558886,Day,4000,3000
IMAG1311.JPG,2499502,Day,4000,3000
IMAG0186.JPG,2553587,Day,4000,3000
IMAG0989.JPG,2005683,Day,4000,3000
IMAG1712.JPG,2091814,Day,4000,3000
IMAG0398.JPG,2509451,Day,4000,3000
IMAG0619.JPG,2277126,Day,4000,3000
IMAG0395.JPG,2529991,Day,4000,3000
IMAG1633.JPG,2511479,Day,4000,3000
IMAG1290.JPG,2434435,Day,4000,3000
IMAG1661.JPG,2368508,Day,4000,3000
IMAG1987.JPG,1266485,Day,4000,3000
IMAG0888.JPG,2416389,Day,4000,3000
IMAG0269.JPG,2421911,Day,4000,3000
IMAG0251.JPG,2205236,Day,4000,3000
IMAG1892.JPG,2369403,Day,4000,3000
IMAG1792.JPG,2356964,Day,4000,3000
IMAG1657.JPG,2321805,Day,4000,3000
IMAG0549.JPG,2415439,Day,4000,3000
IMAG0957.JPG,2131386,Day,4000,3000
IMAG0597.JPG,2285582,Day,4000,3000
IMAG1229.JPG,2274750,Day,4000,3000
IMAG1123.JPG,1508804,Day,4000,3000
IMAG0207.JPG,2588595,Day,4000,3000
IMAG1632.JPG,2652406,Day,4000,3000
IMAG0179.JPG,2539937,Day,4000,3000
IMAG1865.JPG,2663307,Day,4000,3000
IMAG1697.JPG,1972807,Day,4000,3000
IMAG1918.JPG,1099230,Night,4000,3000
IMAG0921.JPG,2390278,Day,4000,3000
IMAG0777.JPG,2053541,Night,4000,3000
IMAG0696.JPG,2333870,Day,4000,3000
IMAG0095.JPG,2177129,Day,4000,3000
IMAG1680.JPG,1846112,Day,4000,3000
IMAG0124.JPG,2498663,Day,4000,3000
IMAG0756.JPG,2382651,Day,4000,3000
IMAG0915.JPG,2416998,Day,4000,3000
IMAG1032.JPG,2224810,Day,4000,3000
IMAG1319.JPG,2627041,Day,4000,3000
IMAG0136.JPG,1923514,Day,4000,3000
IMAG0895.JPG,2383201,Day,4000,3000
IMAG1136.JPG,1554388,Day,4000,3000
IMAG1816.JPG,1835227,Day,4000,3000
IMAG1365.JPG,2433400,Day,4000,3000
IMAG0160.JPG,2388141,Day,4000,3000
IMAG0855.JPG,2452041,Day,4000,3000
IMAG0033.JPG,2182349,Day,4000,3000
IMAG0284.JPG,2276777,Day,4000,3000
IMAG0750.JPG,2453485,Day,4000,3000
IMAG0250.JPG,2269079,Day,4000,3000
IMAG1915.JPG,1113806,Night,4000,3000
IMAG1893.JPG,2358714,Day,4000,3000
IMAG1958.JPG,1102557,Night,4000,3000
IMAG0986.JPG,1885142,Day,4000,3000
IMAG1080.JPG,2241963,Day,4000,3000
IMAG0620.JPG,2345283,Day,4000,3000
IMAG0809.JPG,2093366,Day,4000,3000
IMAG1599.JPG,2167810,Day,4000,3000
IMAG0640.JPG,2493328,Day,4000,3000
IMAG1342.JPG,2438248,Day,4000,3000
IMAG0580.JPG,2312481,Day,4000,3000
IMAG0897.JPG,2363650,Day,4000,3000
IMAG0605.JPG,2286325,Day,4000,3000
IMAG0327.JPG,2348864,Day,4000,3000
IMAG0743.JPG,2531742,Day,4000,3000
IMAG0039.JPG,2357255,Day,4000,3000
IMAG1068.JPG,2268229,Day,4000,3000
IMAG0381.JPG,2227644,Day,4000,3000
IMAG0577.JPG,2364625,Day,4000,3000
IMAG1624.JPG,1690240,Day,4000,3000
IMAG0910.JPG,2459806,Day,4000,3000
IMAG1237.JPG,2366627,Day,4000,3000
IMAG0265.JPG,2129525,Day,4000,3000
IMAG1378.JPG,2467419,Day,4000,3000
IMAG0741.JPG,2232831,Day,4000,3000
IMAG0436.JPG,2306822,Day,4000,3000
IMAG1196.JPG,2421518,Day,4000,3000
IMAG1896.JPG,2519125,Day,4000,3000
IMAG1518.JPG,2329126,Day,4000,3000
IMAG1957.JPG,1103187,Night,4000,3000
IMAG0044.JPG,2247137,Day,4000,3000
IMAG1645.JPG,2390258,Day,4000,3000
IMAG1907.JPG,1081871,Night,4000,3000
IMAG0478.JPG,2399283,Day,4000,3000
IMAG1382.JPG,2542237,Day,4000,3000
IMAG0302.JPG,2384768,Day,4000,3000
IMAG0386.JPG,2319635,Day,4000,3000
IMAG0504.JPG,2420872,Day,4000,3000
IMAG0757.JPG,2435833,Day,4000,3000
IMAG1497.JPG,2340650,Day,4000,3000
IMAG0837.JPG,2497838,Day,4000,3000
IMAG0502.JPG,2415013,Day,4000,3000
IMAG1877.JPG,2587388,Day,4000,3000
IMAG0731.JPG,2460038,Day,4000,3000
IMAG0904.JPG,2326381,Day,4000,3000
IMAG1030.JPG,2158587,Day,4000,3000
IMAG1902.JPG,1082970,Night,4000,3000
IMAG0030.JPG,2080023,Day,4000,3000
IMAG1948.JPG,1094988,Night,4000,3000
IMAG1044.JPG,2172275,Day,4000,3000
IMAG0034.JPG,2288985,Day,4000,3000
IMAG0946.JPG,2290854,Day,4000,3000
IMAG0973.JPG,2194397,Day,4000,3000
IMAG1459.JPG,2396250,Day,4000,3000
IMAG1980.JPG,2505448,Day,4000,3000
IMAG0938.JPG,2217545,Day,4000,3000
IMAG0866.JPG,2076847,Day,4000,3000
IMAG1528.JPG,2469715,Day,4000,3000
IMAG1247.JPG,2425385,Day,4000,3000
IMAG0501.JPG,2361632,Day,4000,3000
IMAG1857.JPG,2295485,Day,4000,3000
IMAG0791.JPG,1894511,Day,4000,3000
IMAG1810.JPG,2462498,Day,4000,3000
IMAG0610.JPG,2307331,Day,4000,3000
IMAG0201.JPG,2609379,Day,4000,3000
IMAG0322.JPG,2315820,Day,4000,3000
IMAG0139.JPG,2253941,Day,4000,3000
IMAG1934.JPG,1086630,Night,4000,3000
IMAG1458.JPG,2602003,Day,4000,3000
IMAG0808.JPG,1853812,Day,4000,3000
IMAG0394.JPG,2530514,Day,4000,3000
IMAG1855.JPG,2259723,Day,4000,3000
IMAG1452.JPG,2767782,Day,4000,3000
IMAG1807.JPG,2501269,Day,4000,3000
IMAG0883.JPG,2230123,Day,4000,3000
IMAG1956.JPG,1100878,Night,4000,3000
IMAG0291.JPG,2367966,Day,4000,3000
IMAG0105.JPG,2425597,Day,4000,3000
IMAG0249.JPG,2322725,Day,4000,3000
IMAG0766.JPG,1907334,Night,4000,3000
IMAG1443.JPG,2477592,Day,4000,3000
IMAG0242.JPG,2431186,Day,4000,3000
IMAG1076.JPG,2383118,Day,4000,3000
IMAG0839.JPG,2224698,Day,4000,3000
IMAG1613.JPG,2182720,Day,4000,3000
IMAG1360.JPG,2366470,Day,4000,3000
IMAG0835.JPG,2290678,Day,4000,3000
IMAG0032.JPG,2149006,Day,4000,3000
IMAG1563.JPG,2340642,Day,4000,3000
IMAG0820.JPG,2335534,Day,4000,3000
IMAG0419.JPG,2435161,Day,4000,3000
IMAG1571.JPG,2435405,Day,4000,3000
IMAG1389.JPG,2669445,Day,4000,3000
IMAG0475.JPG,2341187,Day,4000,3000
IMAG1753.JPG,1519391,Day,4000,3000
IMAG0937.JPG,2203283,Day,4000,3000
IMAG0789.JPG,1841777,Night,4000,3000
IMAG0624.JPG,2333156,Day,4000,3000
IMAG1561.JPG,2467114,Day,4000,3000
IMAG0467.JPG,2230911,Day,4000,3000
IMAG1034.JPG,1942050,Day,4000,3000
IMAG1511.JPG,2338577,Day,4000,3000
IMAG1110.JPG,1483272,Day,4000,3000
IMAG0245.JPG,2402975,Day,4000,3000
IMAG0547.JPG,2411508,Day,4000,3000
IMAG0788.JPG,1824704,Night,4000,3000
IMAG1093.JPG,1407352,Day,4000,3000
IMAG0700.JPG,2404546,Day,4000,3000
IMAG0533.JPG,2411775,Day,4000,3000
IMAG0159.JPG,2490314,Day,4000,3000
IMAG0417.JPG,2314844,Day,4000,3000
IMAG0901.JPG,2384021,Day,4000,3000
IMAG0596.JPG,2279446,Day,4000,3000
IMAG1137.JPG,1552626,Day,4000,3000
IMAG1127.JPG,1503012,Day,4000,3000
IMAG0827.JPG,2312785,Day,4000,3000
IMAG0440.JPG,2346032,Day,4000,3000
IMAG0460.JPG,2448876,Day,4000,3000
IMAG1390.JPG,2648390,Day,4000,3000
IMAG1628.JPG,1690609,Day,4000,3000
IMAG0698.JPG,2432999,Day,4000,3000
IMAG0772.JPG,2014146,Night,4000,3000
IMAG0653.JPG,2230108,Day,4000,3000
IMAG0397.JPG,2502948,Day,4000,3000
IMAG1584.JPG,2448283,Day,4000,3000
IMAG1124.JPG,1509566,Day,4000,3000
IMAG1829.JPG,2448323,Day,4000,3000
IMAG1662.JPG,2436595,Day,4000,3000
IMAG1478.JPG,2338434,Day,4000,3000
IMAG1800.JPG,2265921,Day,4000,3000
IMAG0336.JPG,2505258,Day,4000,3000
IMAG0870.JPG,2644497,Day,4000,3000
IMAG1022.JPG,2168430,Day,4000,3000
IMAG0638.JPG,2494626,Day,4000,3000
IMAG0154.JPG,2421660,Day,4000,3000
IMAG1150.JPG,1913013,Day,4000,3000
IMAG0671.JPG,2333469,Day,4000,3000
IMAG1154.JPG,2277015,Day,4000,3000
IMAG1961.JPG,1102060,Night,4000,3000
IMAG1433.JPG,2424612,Day,4000,3000
IMAG0068.JPG,2457194,Day,4000,3000
IMAG0586.JPG,2366932,Day,4000,3000
IMAG0236.JPG,2458075,Day,4000,3000
IMAG0396.JPG,2522803,Day,4000,3000
IMAG1634.JPG,2423701,Day,4000,3000
IMAG0431.JPG,2264454,Day,4000,3000
IMAG0692.JPG,2488946,Day,4000,3000
IMAG0025.JPG,2254726,Day,4000,3000
IMAG0220.JPG,2439707,Day,4000,3000
IMAG0536.JPG,2395302,Day,4000,3000
IMAG1658.JPG,2363444,Day,4000,3000
IMAG0092.JPG,2463366,Day,4000,3000
IMAG0031.JPG,2147129,Day,4000,3000
IMAG0719.JPG,2451926,Day,4000,3000
IMAG1271.JPG,2304767,Day,4000,3000
IMAG1620.JPG,2527481,Day,4000,3000
IMAG1398.JPG,2697525,Day,4000,3000
IMAG0258.JPG,2607729,Day,4000,3000
IMAG1113.JPG,1490226,Day,4000,3000
IMAG1293.JPG,2559651,Day,4000,3000
IMAG1086.JPG,1243000,Day,4000,3000
IMAG0899.JPG,2376094,Day,4000,3000
IMAG1406.JPG,2552706,Day,4000,3000
IMAG1257.JPG,2312329,Day,4000,3000
IMAG1031.JPG,2170220,Day,4000,3000
IMAG1190.JPG,2344271,Day,4000,3000
IMAG0087.JPG,2499667,Day,4000,3000
IMAG0286.JPG,2274617,Day,4000,3000
IMAG0738.JPG,2429355,Day,4000,3000
IMAG1992.JPG,368076,Day,4000,3000
IMAG0142.JPG,2513085,Day,4000,3000
IMAG1356.JPG,2429781,Day,4000,3000
IMAG1686.JPG,1947585,Day,4000,3000
IMAG0796.JPG,2472847,Day,4000,3000
IMAG1367.JPG,2501556,Day,4000,3000
IMAG1944.JPG,1094704,Night,4000,3000
IMAG1070.JPG,2319906,Day,4000,3000
IMAG1589.JPG,2261234,Day,4000,3000
IMAG0028.JPG,2022261,Day,4000,3000
IMAG0348.JPG,2031329,Day,4000,3000
IMAG1018.JPG,2176303,Day,4000,3000
IMAG1602.JPG,2211216,Day,4000,3000
IMAG1000.JPG,2271957,Day,4000,3000
IMAG0361.JPG,2278689,Day,4000,3000
IMAG1380.JPG,2467433,Day,4000,3000
IMAG1903.JPG,1087857,Night,4000,3000
IMAG0851.JPG,2410101,Day,4000,3000
IMAG1826.JPG,2380716,Day,4000,3000
IMAG1016.JPG,2187563,Day,4000,3000
IMAG1955.JPG,1102768,Night,4000,3000
IMAG0066.JPG,2448018,Day,4000,3000
IMAG1107.JPG,1491166,Day,4000,3000
IMAG1354.JPG,2478135,Day,4000,3000
IMAG0069.JPG,2392090,Day,4000,3000
IMAG1953.JPG,1092789,Night,4000,3000
IMAG1828.JPG,2436801,Day,4000,3000
IMAG1646.JPG,2388180,Day,4000,3000
IMAG1498.JPG,2304743,Day,4000,3000
IMAG0615.JPG,2647281,Day,4000,3000
IMAG0922.JPG,2313098,Day,4000,3000
IMAG0275.JPG,2324981,Day,4000,3000
IMAG1207.JPG,2515574,Day,4000,3000
IMAG0428.JPG,2282156,Day,4000,3000
IMAG0988.JPG,2134470,Day,4000,3000
IMAG0036.JPG,2108157,Day,4000,3000
IMAG1329.JPG,2325103,Day,4000,3000
IMAG0108.JPG,2397483,Day,4000,3000
IMAG1491.JPG,2409234,Day,4000,3000
IMAG0151.JPG,2470713,Day,4000,3000
IMAG0846.JPG,1871876,Day,4000,3000
IMAG1001.JPG,2171538,Day,4000,3000
IMAG1978.JPG,289182,Night,4000,3000
IMAG1869.JPG,1237694,Night,4000,3000
IMAG1088.JPG,1445752,Day,4000,3000
IMAG1152.JPG,2115349,Day,4000,3000
IMAG0995.JPG,1878152,Day,4000,3000
IMAG0924.JPG,2379260,Day,4000,3000
IMAG1288.JPG,2184975,Day,4000,3000
IMAG1547.JPG,2453083,Day,4000,3000
IMAG1516.JPG,2331922,Day,4000,3000
IMAG0054.JPG,2059143,Day,4000,3000
IMAG1051.JPG,2499152,Day,4000,3000
IMAG0654.JPG,2229266,Day,4000,3000
IMAG0663.JPG,2308672,Day,4000,3000
IMAG1544.JPG,2466413,Day,4000,3000
IMAG1739.JPG,1894954,Day,4000,3000
IMAG1635.JPG,2509360,Day,4000,3000
IMAG1393.JPG,2655221,Day,4000,3000
IMAG1526.JPG,2398589,Day,4000,3000
IMAG1413.JPG,2343817,Day,4000,3000
IMAG0343.JPG,2435892,Day,4000,3000
IMAG1726.JPG,1580525,Day,4000,3000
IMAG0222.JPG,2434535,Day,4000,3000
IMAG1169.JPG,2559963,Day,4000,3000
IMAG1038.JPG,2229804,Day,4000,3000
IMAG1084.JPG,1348544,Day,4000,3000
IMAG0926.JPG,2371944,Day,4000,3000
IMAG1267.JPG,2342821,Day,4000,3000
IMAG0657.JPG,2232949,Day,4000,3000
IMAG1428.JPG,2284581,Day,4000,3000
IMAG0072.JPG,2402031,Day,4000,3000
IMAG1751.JPG,1905000,Day,4000,3000
IMAG1415.JPG,2372003,Day,4000,3000
IMAG0785.JPG,1884499,Night,4000,3000
IMAG1581.JPG,2400204,Day,4000,3000
IMAG1917.JPG,1113339,Night,4000,3000
IMAG0850.JPG,2405925,Day,4000,3000
IMAG0749.JPG,2469892,Day,4000,3000
IMAG1507.JPG,2323388,Day,4000,3000
IMAG1037.JPG,2227628,Day,4000,3000
IMAG0710.JPG,2377754,Day,4000,3000
IMAG0359.JPG,2303984,Day,4000,3000
IMAG0310.JPG,2370277,Day,4000,3000
IMAG1343.JPG,2451883,Day,4000,3000
IMAG0956.JPG,2132871,Day,4000,3000
IMAG1854.JPG,2296423,Day,4000,3000
IMAG1883.JPG,1768477,Day,4000,3000
IMAG1266.JPG,2475642,Day,4000,3000
IMAG0727.JPG,2431664,Day,4000,3000
IMAG0001.JPG,2124130,Day,4000,3000
IMAG1096.JPG,1489625,Day,4000,3000
IMAG0898.JPG,2387239,Day,4000,3000
IMAG1248.JPG,2432538,Day,4000,3000
IMAG0780.JPG,1932237,Night,4000,3000
IMAG0388.JPG,2479054,Day,4000,3000
IMAG1072.JPG,2310801,Day,4000,3000
IMAG0936.JPG,2217759,Day,4000,3000
IMAG1631.JPG,2652907,Day,4000,3000
IMAG1894.JPG,2380534,Day,4000,3000
IMAG0840.JPG,2227624,Day,4000,3000
IMAG0357.JPG,2327714,Day,4000,3000
IMAG0981.JPG,1621975,Day,4000,3000
IMAG1315.JPG,2625569,Day,4000,3000
IMAG1506.JPG,2309034,Day,4000,3000
IMAG1240.JPG,2394686,Day,4000,3000
IMAG1868.JPG,1227228,Night,4000,3000
IMAG0613.JPG,2584011,Day,4000,3000
IMAG0188.JPG,2562772,Day,4000,3000
IMAG0814.JPG,1922036,Day,4000,3000
IMAG0813.JPG,1988029,Day,4000,3000
IMAG0221.JPG,2437694,Day,4000,3000
IMAG1323.JPG,2610159,Day,4000,3000
IMAG1387.JPG,2682061,Day,4000,3000
IMAG0664.JPG,2289622,Day,4000,3000
IMAG0353.JPG,2271726,Day,4000,3000
IMAG1591.JPG,2148994,Day,4000,3000
IMAG0035.JPG,2035814,Day,4000,3000
IMAG1264.JPG,2145189,Day,4000,3000
IMAG0199.JPG,2781178,Day,4000,3000
IMAG0171.JPG,2565421,Day,4000,3000
IMAG0405.JPG,2514653,Day,4000,3000
IMAG0390.JPG,2475275,Day,4000,3000
IMAG0969.JPG,2057941,Day,4000,3000
IMAG1325.JPG,2629517,Day,4000,3000
IMAG1924.JPG,1110706,Night,4000,3000
IMAG0485.JPG,2071965,Day,4000,3000
IMAG1817.JPG,1815496,Day,4000,3000
IMAG0587.JPG,2448632,Day,4000,3000
IMAG0342.JPG,2724321,Day,4000,3000
IMAG1861.JPG,2271212,Day,4000,3000
IMAG0281.JPG,2265964,Day,4000,3000
IMAG1112.JPG,1491693,Day,4000,3000
IMAG0751.JPG,2466229,Day,4000,3000
IMAG0633.JPG,2357373,Day,4000,3000
IMAG1435.JPG,2456330,Day,4000,3000
IMAG0182.JPG,2537117,Day,4000,3000
IMAG1488.JPG,2343583,Day,4000,3000
IMAG1427.JPG,2290298,Day,4000,3000
IMAG1499.JPG,2309232,Day,4000,3000
IMAG0647.JPG,2257944,Day,4000,3000
IMAG0233.JPG,2276981,Day,4000,3000
IMAG1728.JPG,1600318,Day,4000,3000
IMAG1684.JPG,1934859,Day,4000,3000
IMAG0932.JPG,2248275,Day,4000,3000
IMAG0685.JPG,1436707,Day,4000,3000
IMAG1284.JPG,2166724,Day,4000,3000
IMAG1920.JPG,1097374,Night,4000,3000
IMAG1442.JPG,2479466,Day,4000,3000
IMAG1105.JPG,1484264,Day,4000,3000
IMAG0666.JPG,2282425,Day,4000,3000
IMAG0697.JPG,2322039,Day,4000,3000
IMAG0040.JPG,2251767,Day,4000,3000
IMAG1321.JPG,2661867,Day,4000,3000
IMAG0206.JPG,2578925,Day,4000,3000
IMAG1475.JPG,2296106,Day,4000,3000
IMAG0141.JPG,2462388,Day,4000,3000
IMAG0389.JPG,2467381,Day,4000,3000
IMAG0565.JPG,2571531,Day,4000,3000
IMAG0376.JPG,2299407,Day,4000,3000
IMAG0020.JPG,2373365,Day,4000,3000
IMAG1791.JPG,1586630,Day,4000,3000
IMAG1939.JPG,1097030,Night,4000,3000
IMAG0822.JPG,2302250,Day,4000,3000
IMAG0655.JPG,2222608,Day,4000,3000
IMAG1115.JPG,1612045,Day,4000,3000
IMAG1128.JPG,1496738,Day,4000,3000
IMAG1666.JPG,1523875,Day,4000,3000
IMAG1510.JPG,2346668,Day,4000,3000
IMAG1472.JPG,2294469,Day,4000,3000
IMAG1796.JPG,2631470,Day,4000,3000
IMAG0555.JPG,2454224,Day,4000,3000
IMAG0465.JPG,2566428,Day,4000,3000
IMAG1253.JPG,2346030,Day,4000,3000
IMAG1199.JPG,2249080,Day,4000,3000
IMAG0893.JPG,2348804,Day,4000,3000
IMAG1404.JPG,2417069,Day,4000,3000
IMAG1103.JPG,1496280,Day,4000,3000
IMAG0424.JPG,2267917,Day,4000,3000
IMAG0498.JPG,2384782,Day,4000,3000
IMAG1705.JPG,2292885,Day,4000,3000
IMAG1819.JPG,1766967,Day,4000,3000
IMAG1537.JPG,2358585,Day,4000,3000
IMAG1224.JPG,2260911,Day,4000,3000
IMAG1043.JPG,2152694,Day,4000,3000
IMAG1723.JPG,1581001,Day,4000,3000
IMAG1468.JPG,2308879,Day,4000,3000
IMAG1201.JPG,2366192,Day,4000,3000
IMAG1559.JPG,2454962,Day,4000,3000
IMAG1798.JPG,2373298,Day,4000,3000
IMAG0262.JPG,2196874,Day,4000,3000
IMAG0694.JPG,2322584,Day,4000,3000
IMAG0877.JPG,2381492,Day,4000,3000
IMAG1853.JPG,2300763,Day,4000,3000
IMAG1081.JPG,1896101,Day,4000,3000
IMAG0312.JPG,2339940,Day,4000,3000
IMAG1353.JPG,2476034,Day,4000,3000
IMAG0852.JPG,2380045,Day,4000,3000
IMAG0737.JPG,2387880,Day,4000,3000
IMAG0863.JPG,2495388,Day,4000,3000
IMAG0374.JPG,2248963,Day,4000,3000
IMAG0828.JPG,2320501,Day,4000,3000
IMAG1586.JPG,2454094,Day,4000,3000
IMAG0593.JPG,2249584,Day,4000,3000
IMAG0382.JPG,2210236,Day,4000,3000
IMAG0415.JPG,2347373,Day,4000,3000
IMAG0735.JPG,2436530,Day,4000,3000
IMAG1523.JPG,2397666,Day,4000,3000
IMAG0525.JPG,2298218,Day,4000,3000
IMAG1256.JPG,2324004,Day,4000,3000
IMAG1838.JPG,2239993,Day,4000,3000
IMAG0059.JPG,1964319,Day,4000,3000
IMAG0259.JPG,1768966,Day,4000,3000
IMAG0607.JPG,2255997,Day,4000,3000
IMAG0366.JPG,2316768,Day,4000,3000
IMAG1178.JPG,2171406,Day,4000,3000
IMAG0739.JPG,2366457,Day,4000,3000
IMAG1213.JPG,2328375,Day,4000,3000
IMAG1012.JPG,2167991,Day,4000,3000
IMAG1495.JPG,2342022,Day,4000,3000
IMAG0942.JPG,2147538,Day,4000,3000
IMAG0170.JPG,2735118,Day,4000,3000
IMAG0106.JPG,2393798,Day,4000,3000
IMAG1330.JPG,2328516,Day,4000,3000
IMAG1402.JPG,2476102,Day,4000,3000
IMAG0543.JPG,2455304,Day,4000,3000
IMAG1879.JPG,2609816,Day,4000,3000
IMAG1344.JPG,2466156,Day,4000,3000
IMAG0905.JPG,2310819,Day,4000,3000
IMAG1494.JPG,2343163,Day,4000,3000
IMAG1416.JPG,2372340,Day,4000,3000
IMAG1795.JPG,2634981,Day,4000,3000
IMAG0009.JPG,2320828,Day,4000,3000
IMAG1045.JPG,2162516,Day,4000,3000
IMAG0803.JPG,1712611,Day,4000,3000
IMAG0117.JPG,2540324,Day,4000,3000
IMAG0078.JPG,1262716,Night,4000,3000
IMAG0994.JPG,1883034,Day,4000,3000
IMAG0393.JPG,2517462,Day,4000,3000
IMAG1210.JPG,2464367,Day,4000,3000
IMAG0120.JPG,1367950,Day,4000,3000
IMAG0925.JPG,2398305,Day,4000,3000
IMAG1417.JPG,2384275,Day,4000,3000
IMAG0493.JPG,2224539,Day,4000,3000
IMAG1981.JPG,2498161,Day,4000,3000
IMAG1177.JPG,2169704,Day,4000,3000
IMAG0304.JPG,2484484,Day,4000,3000
IMAG1775.JPG,1954148,Day,4000,3000
IMAG1610.JPG,2284609,Day,4000,3000
IMAG1383.JPG,2546647,Day,4000,3000
IMAG1777.JPG,2004872,Day,4000,3000
IMAG1265.JPG,2030996,Day,4000,3000
IMAG0229.JPG,2363283,Day,4000,3000
IMAG1446.JPG,1022320,Day,4000,3000
IMAG0511.JPG,2384759,Day,4000,3000
IMAG0316.JPG,2343756,Day,4000,3000
IMAG0609.JPG,2224717,Day,4000,3000
IMAG0720.JPG,2454506,Day,4000,3000
IMAG1844.JPG,2288021,Day,4000,3000
IMAG0218.JPG,2437692,Day,4000,3000
IMAG0131.JPG,2182441,Day,4000,3000
IMAG0902.JPG,2380113,Day,4000,3000
IMAG0626.JPG,2358031,Day,4000,3000
IMAG1696.JPG,2023326,Day,4000,3000
IMAG0512.JPG,2374183,Day,4000,3000
IMAG1779.JPG,1900573,Day,4000,3000
IMAG0184.JPG,2530565,Day,4000,3000
IMAG1910.JPG,1077455,Night,4000,3000
IMAG0121.JPG,2564370,Day,4000,3000
IMAG0529.JPG,2326486,Day,4000,3000
IMAG1162.JPG,2498382,Day,4000,3000
IMAG0918.JPG,2426358,Day,4000,3000
IMAG0111.JPG,2404298,Day,4000,3000
IMAG1874.JPG,2690918,Day,4000,3000
IMAG0252.JPG,2418402,Day,4000,3000
IMAG0819.JPG,2067793,Day,4000,3000
IMAG0509.JPG,2438288,Day,4000,3000
IMAG1429.JPG,2401038,Day,4000,3000
IMAG0662.JPG,2318843,Day,4000,3000
IMAG1578.JPG,2435916,Day,4000,3000
IMAG0812.JPG,1994777,Day,4000,3000
IMAG0836.JPG,2494231,Day,4000,3000
IMAG0243.JPG,2494192,Day,4000,3000
IMAG1848.JPG,2284916,Day,4000,3000
IMAG1743.JPG,1832333,Day,4000,3000
IMAG1283.JPG,1824520,Day,4000,3000
IMAG0331.JPG,2397892,Day,4000,3000
IMAG0350.JPG,2227371,Day,4000,3000
IMAG0602.JPG,2256866,Day,4000,3000
IMAG0857.JPG,2561813,Day,4000,3000
IMAG0198.JPG,2585151,Day,4000,3000
IMAG1960.JPG,1102344,Night,4000,3000
IMAG1005.JPG,2251228,Day,4000,3000
IMAG1252.JPG,2354859,Day,4000,3000
IMAG1590.JPG,2434173,Day,4000,3000
IMAG1912.JPG,1081846,Night,4000,3000
IMAG0013.JPG,2267202,Day,4000,3000
